จังหวัด, PM2.5, วันที่
ตาก,33.89754662911059,2024-01-01
ตาก,26.50239732771378,2024-01-02
ตาก,31.795098488806,2024-01-03
ตาก,31.475316218330473,2024-01-04
ตาก,31.659653179819088,2024-01-05
ตาก,35.20518833112442,2024-01-06
ตาก,40.86639809382819,2024-01-07
ตาก,44.863538551743815,2024-01-08
ตาก,46.32348594579697,2024-01-09
ตาก,51.356117852863896,2024-01-10
ตาก,52.36436935129539,2024-01-11
ตาก,45.411025808862085,2024-01-12
ตาก,46.124512638776096,2024-01-13
ตาก,40.776179098186056,2024-01-14
ตาก,36.06548679833378,2024-01-15
ตาก,28.83881965203546,2024-01-16
ตาก,31.046346019228654,2024-01-17
ตาก,39.57560185010764,2024-01-18
ตาก,39.52289849516423,2024-01-19
ตาก,35.958490682896105,2024-01-20
ตาก,34.92779917945245,2024-01-21
ตาก,44.192819809902964,2024-01-22
ตาก,54.86161409708785,2024-01-23
ตาก,49.37752737679187,2024-01-24
ตาก,47.8032498621632,2024-01-25
ตาก,45.36405489530599,2024-01-26
ตาก,42.161595807687284,2024-01-27
ตาก,43.71119232252985,2024-01-28
ตาก,34.06956445674332,2024-01-29
ตาก,33.67431686139716,2024-01-30
ตาก,22.18937099261909,2024-01-31
เลย,24.519253977254746,2024-01-01
เลย,21.59780986108022,2024-01-02
เลย,28.00070950185027,2024-01-03
เลย,18.972473197080475,2024-01-04
เลย,21.457474406240138,2024-01-05
เลย,24.856341102114037,2024-01-06
เลย,29.29329469953963,2024-01-07
เลย,31.99703964860198,2024-01-08
เลย,37.838380498073775,2024-01-09
เลย,42.946231689590526,2024-01-10
เลย,40.72180744127695,2024-01-11
เลย,41.536808222652915,2024-01-12
เลย,35.36504914786188,2024-01-13
เลย,23.442567072759537,2024-01-14
เลย,22.844792915009297,2024-01-15
เลย,18.96139536578771,2024-01-16
เลย,21.865194637830438,2024-01-17
เลย,32.925782768440385,2024-01-18
เลย,41.39359367728469,2024-01-19
เลย,43.591072732559205,2024-01-20
เลย,49.646078753214375,2024-01-21
เลย,45.82757064256558,2024-01-22
เลย,28.31040256890304,2024-01-23
เลย,20.597567594973768,2024-01-24
เลย,28.54061763682816,2024-01-25
เลย,26.010788069288726,2024-01-26
เลย,21.87016686283359,2024-01-27
เลย,24.54622508727534,2024-01-28
เลย,17.20708146477042,2024-01-29
เลย,26.878596427727718,2024-01-30
เลย,33.768270184497815,2024-01-31
ตรัง,28.068600376724238,2024-01-01
ตรัง,22.76148899550347,2024-01-02
ตรัง,22.044372495358957,2024-01-03
ตรัง,21.082244556330505,2024-01-04
ตรัง,22.221337019444537,2024-01-05
ตรัง,23.347291363041546,2024-01-06
ตรัง,27.60804734131031,2024-01-07
ตรัง,24.957524521221824,2024-01-08
ตรัง,26.29920684768049,2024-01-09
ตรัง,27.120331480580255,2024-01-10
ตรัง,25.13617536505517,2024-01-11
ตรัง,20.404824525849754,2024-01-12
ตรัง,21.908550226178555,2024-01-13
ตรัง,21.178465228661267,2024-01-14
ตรัง,21.336253217910773,2024-01-15
ตรัง,24.288405008106803,2024-01-16
ตรัง,20.391764632835976,2024-01-17
ตรัง,22.703493638005316,2024-01-18
ตรัง,22.64967927816513,2024-01-19
ตรัง,26.55500675602358,2024-01-20
ตรัง,29.374867341757113,2024-01-21
ตรัง,22.216297862416745,2024-01-22
ตรัง,18.673162290328484,2024-01-23
ตรัง,22.46768134644454,2024-01-24
ตรัง,18.362469637780684,2024-01-25
ตรัง,21.754444930874918,2024-01-26
ตรัง,22.992930081835688,2024-01-27
ตรัง,22.013326563271256,2024-01-28
ตรัง,23.32212504601803,2024-01-29
ตรัง,23.52079276078873,2024-01-30
ตรัง,13.548339465761236,2024-01-31
ตราด,18.28247763030831,2024-01-01
ตราด,17.170626536829936,2024-01-02
ตราด,16.48516949706446,2024-01-03
ตราด,17.789685498453608,2024-01-04
ตราด,17.00069208322,2024-01-05
ตราด,22.43018063186919,2024-01-06
ตราด,24.534053684542165,2024-01-07
ตราด,24.88133719151613,2024-01-08
ตราด,36.4948466054459,2024-01-09
ตราด,36.872864100446144,2024-01-10
ตราด,32.42574742697465,2024-01-11
ตราด,24.75541478716385,2024-01-12
ตราด,26.098401731815574,2024-01-13
ตราด,33.88262313147767,2024-01-14
ตราด,28.96511650245283,2024-01-15
ตราด,32.86598654506814,2024-01-16
ตราด,32.946299566050044,2024-01-17
ตราด,38.30732078129083,2024-01-18
ตราด,55.681737348523356,2024-01-19
ตราด,47.1676284300432,2024-01-20
ตราด,47.53028423460696,2024-01-21
ตราด,45.85034882570849,2024-01-22
ตราด,54.04389823011647,2024-01-23
ตราด,35.252895531328306,2024-01-24
ตราด,31.64454831324657,2024-01-25
ตราด,37.43157644392223,2024-01-26
ตราด,48.75769269961818,2024-01-27
ตราด,57.0144147780919,2024-01-28
ตราด,52.96328815507335,2024-01-29
ตราด,53.02714834244078,2024-01-30
ตราด,51.6420266200643,2024-01-31
น่าน,25.266640556081853,2024-01-01
น่าน,23.106410845619642,2024-01-02
น่าน,24.982365004794364,2024-01-03
น่าน,24.72260425572529,2024-01-04
น่าน,22.77338175023209,2024-01-05
น่าน,24.733597554775095,2024-01-06
น่าน,29.878095527615557,2024-01-07
น่าน,34.6581683495722,2024-01-08
น่าน,33.91293013445239,2024-01-09
น่าน,42.027563261138994,2024-01-10
น่าน,50.26610576982655,2024-01-11
น่าน,51.7016635230513,2024-01-12
น่าน,49.84842326888399,2024-01-13
น่าน,35.014913251912795,2024-01-14
น่าน,30.025931113903262,2024-01-15
น่าน,22.62260643647322,2024-01-16
น่าน,22.017016185266336,2024-01-17
น่าน,27.125849681741915,2024-01-18
น่าน,26.866178053697535,2024-01-19
น่าน,25.339447632559253,2024-01-20
น่าน,31.389969421105796,2024-01-21
น่าน,39.67580171681234,2024-01-22
น่าน,42.70083661166001,2024-01-23
น่าน,36.1745034400004,2024-01-24
น่าน,34.71562776935407,2024-01-25
น่าน,31.217841806294427,2024-01-26
น่าน,25.816674785289486,2024-01-27
น่าน,25.41597432979619,2024-01-28
น่าน,20.92678961930226,2024-01-29
น่าน,27.911668601449403,2024-01-30
น่าน,32.499559589154664,2024-01-31
ยะลา,24.321009939676152,2024-01-01
ยะลา,17.149677634349644,2024-01-02
ยะลา,19.042402499076665,2024-01-03
ยะลา,20.191233763090032,2024-01-04
ยะลา,24.60292553999193,2024-01-05
ยะลา,26.501848781447986,2024-01-06
ยะลา,29.063304250713838,2024-01-07
ยะลา,26.865292182769593,2024-01-08
ยะลา,26.244576114658607,2024-01-09
ยะลา,29.83006574696152,2024-01-10
ยะลา,24.65065419789928,2024-01-11
ยะลา,25.57798469724632,2024-01-12
ยะลา,26.57518358028952,2024-01-13
ยะลา,24.58067891531708,2024-01-14
ยะลา,25.04922041153564,2024-01-15
ยะลา,24.691881806228196,2024-01-16
ยะลา,26.565865647504886,2024-01-17
ยะลา,24.834945925868887,2024-01-18
ยะลา,30.475185184257025,2024-01-19
ยะลา,28.225859135130833,2024-01-20
ยะลา,27.84911877534356,2024-01-21
ยะลา,27.11346825894535,2024-01-22
ยะลา,18.15908212967362,2024-01-23
ยะลา,20.201094893984497,2024-01-24
ยะลา,15.223628030298388,2024-01-25
ยะลา,20.112198580270437,2024-01-26
ยะลา,20.16652812888834,2024-01-27
ยะลา,22.06144037379678,2024-01-28
ยะลา,21.159642132159735,2024-01-29
ยะลา,25.57933625738555,2024-01-30
ยะลา,33.58678855967872,2024-01-31
สตูล,28.249548123174304,2024-01-01
สตูล,21.531288607409877,2024-01-02
สตูล,18.958691198644374,2024-01-03
สตูล,17.568420467169904,2024-01-04
สตูล,20.179374482325578,2024-01-05
สตูล,27.190502397402557,2024-01-06
สตูล,23.49754878686826,2024-01-07
สตูล,31.217258630063597,2024-01-08
สตูล,28.08524224700701,2024-01-09
สตูล,32.012636633854704,2024-01-10
สตูล,24.264119278367218,2024-01-11
สตูล,20.699552714812178,2024-01-12
สตูล,19.455477759568375,2024-01-13
สตูล,21.489419295509972,2024-01-14
สตูล,21.90774817644663,2024-01-15
สตูล,19.799113297354534,2024-01-16
สตูล,25.047376663899747,2024-01-17
สตูล,20.242845016463544,2024-01-18
สตูล,20.16748060086499,2024-01-19
สตูล,23.567923008296212,2024-01-20
สตูล,23.697327099271515,2024-01-21
สตูล,22.025182297713172,2024-01-22
สตูล,16.580266729932337,2024-01-23
สตูล,17.073825373731264,2024-01-24
สตูล,13.273385703558924,2024-01-25
สตูล,17.82177480588878,2024-01-26
สตูล,19.011665683668856,2024-01-27
สตูล,19.65032608733003,2024-01-28
สตูล,18.298849111526035,2024-01-29
สตูล,19.890167887467985,2024-01-30
สตูล,17.836292124475275,2024-01-31
แพร่,28.794403800874914,2024-01-01
แพร่,20.43537506009133,2024-01-02
แพร่,23.50255687641416,2024-01-03
แพร่,22.749809430294974,2024-01-04
แพร่,21.605324169632873,2024-01-05
แพร่,24.17708816078554,2024-01-06
แพร่,30.528877027298396,2024-01-07
แพร่,35.94193311332456,2024-01-08
แพร่,38.169055990766076,2024-01-09
แพร่,45.14641607352316,2024-01-10
แพร่,57.43147852168772,2024-01-11
แพร่,55.7898165880731,2024-01-12
แพร่,55.798442953309475,2024-01-13
แพร่,37.297906186219414,2024-01-14
แพร่,27.224365963702162,2024-01-15
แพร่,21.55138283222307,2024-01-16
แพร่,21.516118209360602,2024-01-17
แพร่,27.34442692528468,2024-01-18
แพร่,27.78802703044667,2024-01-19
แพร่,26.29734250214426,2024-01-20
แพร่,26.852682328136726,2024-01-21
แพร่,43.49258613367394,2024-01-22
แพร่,50.77535700617797,2024-01-23
แพร่,45.496647028030985,2024-01-24
แพร่,40.79450725654388,2024-01-25
แพร่,39.693309031932856,2024-01-26
แพร่,29.397329483519723,2024-01-27
แพร่,28.518386853898605,2024-01-28
แพร่,22.52770742782346,2024-01-29
แพร่,26.37036523839674,2024-01-30
แพร่,26.609154247974878,2024-01-31
ชุมพร,21.160122283479122,2024-01-01
ชุมพร,16.476142241320566,2024-01-02
ชุมพร,15.454439014884084,2024-01-03
ชุมพร,17.484323070076012,2024-01-04
ชุมพร,21.82854198881449,2024-01-05
ชุมพร,25.552011951588337,2024-01-06
ชุมพร,22.319767540931796,2024-01-07
ชุมพร,14.69132215222158,2024-01-08
ชุมพร,16.075288206027523,2024-01-09
ชุมพร,19.4637517098579,2024-01-10
ชุมพร,19.209872360239576,2024-01-11
ชุมพร,20.33673022272305,2024-01-12
ชุมพร,22.464026458381,2024-01-13
ชุมพร,23.288435797270633,2024-01-14
ชุมพร,19.701285738170686,2024-01-15
ชุมพร,19.669923631293287,2024-01-16
ชุมพร,16.255687318684508,2024-01-17
ชุมพร,14.9528042224214,2024-01-18
ชุมพร,16.7283814570081,2024-01-19
ชุมพร,19.6449840881304,2024-01-20
ชุมพร,26.813733403846857,2024-01-21
ชุมพร,17.572843857405612,2024-01-22
ชุมพร,9.519034587142142,2024-01-23
ชุมพร,16.27314526329107,2024-01-24
ชุมพร,13.557385273306084,2024-01-25
ชุมพร,16.14884630266039,2024-01-26
ชุมพร,16.07731662185749,2024-01-27
ชุมพร,14.94691671627018,2024-01-28
ชุมพร,19.06928859333001,2024-01-29
ชุมพร,18.66923843591825,2024-01-30
ชุมพร,10.58089905141119,2024-01-31
พะเยา,25.191889362368865,2024-01-01
พะเยา,20.531358396025404,2024-01-02
พะเยา,23.034561218107307,2024-01-03
พะเยา,22.55471080500749,2024-01-04
พะเยา,20.55000538679869,2024-01-05
พะเยา,22.552381128123578,2024-01-06
พะเยา,27.118753931871932,2024-01-07
พะเยา,32.7409514643758,2024-01-08
พะเยา,30.17400662506579,2024-01-09
พะเยา,35.66068581423196,2024-01-10
พะเยา,38.30028829528453,2024-01-11
พะเยา,40.1599952196173,2024-01-12
พะเยา,45.51188109209741,2024-01-13
พะเยา,36.46537865383522,2024-01-14
พะเยา,28.247389727425087,2024-01-15
พะเยา,21.256321723153544,2024-01-16
พะเยา,21.110680122563213,2024-01-17
พะเยา,22.57846180544963,2024-01-18
พะเยา,19.762093249070727,2024-01-19
พะเยา,18.207948960312432,2024-01-20
พะเยา,25.18921479513238,2024-01-21
พะเยา,35.25496511866577,2024-01-22
พะเยา,42.99982163071026,2024-01-23
พะเยา,37.718291825243554,2024-01-24
พะเยา,37.64601906480394,2024-01-25
พะเยา,36.21261693707401,2024-01-26
พะเยา,25.152920478831874,2024-01-27
พะเยา,27.122357002625062,2024-01-28
พะเยา,23.79890454093719,2024-01-29
พะเยา,26.24332275170339,2024-01-30
พะเยา,32.83847047790229,2024-01-31
พังงา,23.12814140649816,2024-01-01
พังงา,17.656950516986697,2024-01-02
พังงา,18.040039428531376,2024-01-03
พังงา,20.288826127606253,2024-01-04
พังงา,23.677690722973608,2024-01-05
พังงา,26.331562873485357,2024-01-06
พังงา,27.251736417757154,2024-01-07
พังงา,23.4371070162967,2024-01-08
พังงา,20.94954311336031,2024-01-09
พังงา,27.539529599732077,2024-01-10
พังงา,22.767800138823457,2024-01-11
พังงา,22.81073273784271,2024-01-12
พังงา,25.383938418733717,2024-01-13
พังงา,24.422630354156627,2024-01-14
พังงา,22.36504452989893,2024-01-15
พังงา,24.291188245760114,2024-01-16
พังงา,25.750372466699055,2024-01-17
พังงา,22.173079889261707,2024-01-18
พังงา,23.226278676841506,2024-01-19
พังงา,26.88554133610296,2024-01-20
พังงา,27.363762821777122,2024-01-21
พังงา,22.284532830521638,2024-01-22
พังงา,9.816589463734877,2024-01-23
พังงา,16.752030220036733,2024-01-24
พังงา,14.655571702101986,2024-01-25
พังงา,19.431951843536044,2024-01-26
พังงา,22.328248830154127,2024-01-27
พังงา,19.93066019338457,2024-01-28
พังงา,21.429006158122494,2024-01-29
พังงา,22.52691930171527,2024-01-30
พังงา,24.839985206535562,2024-01-31
ยโสธร,10.298036685298989,2024-01-01
ยโสธร,18.63586318082281,2024-01-02
ยโสธร,12.453041589786702,2024-01-03
ยโสธร,10.164235635511234,2024-01-04
ยโสธร,18.233321746289025,2024-01-05
ยโสธร,20.6797386530847,2024-01-06
ยโสธร,17.183918508343293,2024-01-07
ยโสธร,21.127359421165345,2024-01-08
ยโสธร,28.468269735907928,2024-01-09
ยโสธร,23.123215433709415,2024-01-10
ยโสธร,21.310434891423302,2024-01-11
ยโสธร,24.719005278181392,2024-01-12
ยโสธร,18.551626914146098,2024-01-13
ยโสธร,11.591957317737181,2024-01-14
ยโสธร,9.051530750273317,2024-01-15
ยโสธร,12.674852169062111,2024-01-16
ยโสธร,20.020330900101726,2024-01-17
ยโสธร,22.422323681515163,2024-01-18
ยโสธร,29.171998490581622,2024-01-19
ยโสธร,35.07776518504236,2024-01-20
ยโสธร,34.894199012702906,2024-01-21
ยโสธร,33.723159481188716,2024-01-22
ยโสธร,9.64429910211691,2024-01-23
ยโสธร,8.66536258670995,2024-01-24
ยโสธร,9.649549463852368,2024-01-25
ยโสธร,11.06912081816321,2024-01-26
ยโสธร,15.909561877086842,2024-01-27
ยโสธร,12.377255680918992,2024-01-28
ยโสธร,23.997576444876156,2024-01-29
ยโสธร,31.412432254781603,2024-01-30
ยโสธร,47.322831066009726,2024-01-31
ระนอง,21.388795019519257,2024-01-01
ระนอง,17.51207861753456,2024-01-02
ระนอง,16.520470495790825,2024-01-03
ระนอง,18.647308122735552,2024-01-04
ระนอง,20.886895271098226,2024-01-05
ระนอง,24.836915163985957,2024-01-06
ระนอง,24.40453734023228,2024-01-07
ระนอง,16.90172956739164,2024-01-08
ระนอง,18.645948421926402,2024-01-09
ระนอง,21.519543152073435,2024-01-10
ระนอง,20.684386461808558,2024-01-11
ระนอง,20.401126923189604,2024-01-12
ระนอง,21.443980613838267,2024-01-13
ระนอง,25.00995657135714,2024-01-14
ระนอง,19.75717890404876,2024-01-15
ระนอง,20.175544785573795,2024-01-16
ระนอง,18.219701906037095,2024-01-17
ระนอง,18.156942007443956,2024-01-18
ระนอง,19.06500722928657,2024-01-19
ระนอง,20.71217726963321,2024-01-20
ระนอง,25.381574685723553,2024-01-21
ระนอง,19.133902061950664,2024-01-22
ระนอง,10.795722043116374,2024-01-23
ระนอง,16.85974566225587,2024-01-24
ระนอง,15.997175191564782,2024-01-25
ระนอง,18.285322029912592,2024-01-26
ระนอง,18.40392746713115,2024-01-27
ระนอง,16.798898197119936,2024-01-28
ระนอง,20.54681492448513,2024-01-29
ระนอง,21.579134284822743,2024-01-30
ระนอง,11.924955241216107,2024-01-31
ระยอง,34.86019796302569,2024-01-01
ระยอง,33.995538639428545,2024-01-02
ระยอง,31.502258749831263,2024-01-03
ระยอง,31.248844841498627,2024-01-04
ระยอง,29.68553091358958,2024-01-05
ระยอง,33.73477006767024,2024-01-06
ระยอง,42.776303241543374,2024-01-07
ระยอง,42.304808836679015,2024-01-08
ระยอง,47.79321357019533,2024-01-09
ระยอง,42.448042197110155,2024-01-10
ระยอง,37.03128126616667,2024-01-11
ระยอง,27.582111080159482,2024-01-12
ระยอง,26.37871843601016,2024-01-13
ระยอง,39.56426288539623,2024-01-14
ระยอง,45.6273787647933,2024-01-15
ระยอง,49.73737254776146,2024-01-16
ระยอง,48.59661347927558,2024-01-17
ระยอง,55.788939144451945,2024-01-18
ระยอง,62.22605988640215,2024-01-19
ระยอง,57.28903821034103,2024-01-20
ระยอง,38.53104901122591,2024-01-21
ระยอง,36.164779854004934,2024-01-22
ระยอง,53.69001230112026,2024-01-23
ระยอง,36.92628267369225,2024-01-24
ระยอง,31.071730775019944,2024-01-25
ระยอง,37.24483140819184,2024-01-26
ระยอง,55.64061604517265,2024-01-27
ระยอง,62.927139017594804,2024-01-28
ระยอง,49.01720992702392,2024-01-29
ระยอง,49.61942056261391,2024-01-30
ระยอง,50.787830709899495,2024-01-31
ลำปาง,26.288758781039203,2024-01-01
ลำปาง,18.235548289601308,2024-01-02
ลำปาง,22.637838456017704,2024-01-03
ลำปาง,23.89617704614971,2024-01-04
ลำปาง,22.242002221051155,2024-01-05
ลำปาง,22.7056640974577,2024-01-06
ลำปาง,29.041868109975034,2024-01-07
ลำปาง,34.932623754706526,2024-01-08
ลำปาง,34.40347864878129,2024-01-09
ลำปาง,37.01291273950242,2024-01-10
ลำปาง,44.78829279170806,2024-01-11
ลำปาง,42.76805897442076,2024-01-12
ลำปาง,46.22174122529094,2024-01-13
ลำปาง,39.825766502704546,2024-01-14
ลำปาง,29.7118068307434,2024-01-15
ลำปาง,23.067937805071963,2024-01-16
ลำปาง,20.019618331667882,2024-01-17
ลำปาง,25.487552616267994,2024-01-18
ลำปาง,22.858273878121206,2024-01-19
ลำปาง,20.793525353609155,2024-01-20
ลำปาง,24.750739450177093,2024-01-21
ลำปาง,38.832153786708396,2024-01-22
ลำปาง,47.96079741099647,2024-01-23
ลำปาง,48.33709576680787,2024-01-24
ลำปาง,41.31105548475819,2024-01-25
ลำปาง,39.92623647382404,2024-01-26
ลำปาง,32.63813811004714,2024-01-27
ลำปาง,30.991577938272105,2024-01-28
ลำปาง,27.32355560497047,2024-01-29
ลำปาง,25.06886192313977,2024-01-30
ลำปาง,20.64881611180419,2024-01-31
ลำพูน,24.73791292501085,2024-01-01
ลำพูน,17.774838606352358,2024-01-02
ลำพูน,21.196320285860182,2024-01-03
ลำพูน,25.911042303850675,2024-01-04
ลำพูน,25.44200478966414,2024-01-05
ลำพูน,25.00608903718532,2024-01-06
ลำพูน,32.70620732774909,2024-01-07
ลำพูน,34.33555114554085,2024-01-08
ลำพูน,28.9567308624263,2024-01-09
ลำพูน,28.007350330201366,2024-01-10
ลำพูน,30.958729620529734,2024-01-11
ลำพูน,28.384770665345712,2024-01-12
ลำพูน,29.895036678613785,2024-01-13
ลำพูน,36.432917363772894,2024-01-14
ลำพูน,31.334588533219275,2024-01-15
ลำพูน,22.513121970818855,2024-01-16
ลำพูน,18.54090502511616,2024-01-17
ลำพูน,23.931086485547198,2024-01-18
ลำพูน,18.091133847968102,2024-01-19
ลำพูน,18.68831083315047,2024-01-20
ลำพูน,23.082725405377243,2024-01-21
ลำพูน,37.0264444995717,2024-01-22
ลำพูน,45.514176676782625,2024-01-23
ลำพูน,49.15200410352803,2024-01-24
ลำพูน,42.79535915912612,2024-01-25
ลำพูน,41.61818873384591,2024-01-26
ลำพูน,33.622752797414726,2024-01-27
ลำพูน,35.904539599355935,2024-01-28
ลำพูน,29.162992135378783,2024-01-29
ลำพูน,24.842912186083648,2024-01-30
ลำพูน,12.839180998711194,2024-01-31
สงขลา,26.257724947226055,2024-01-01
สงขลา,22.153771120057762,2024-01-02
สงขลา,19.018451425100395,2024-01-03
สงขลา,18.277788473059342,2024-01-04
สงขลา,22.956466246876992,2024-01-05
สงขลา,27.106291801334187,2024-01-06
สงขลา,30.077835192690294,2024-01-07
สงขลา,32.39209558196038,2024-01-08
สงขลา,31.03443558595098,2024-01-09
สงขลา,36.04564336863781,2024-01-10
สงขลา,29.27186450376805,2024-01-11
สงขลา,23.48044663516176,2024-01-12
สงขลา,19.86028735949822,2024-01-13
สงขลา,21.206406495772768,2024-01-14
สงขลา,22.123208476162766,2024-01-15
สงขลา,21.6306660260261,2024-01-16
สงขลา,28.272467073869535,2024-01-17
สงขลา,25.124501789795723,2024-01-18
สงขลา,22.49293362219722,2024-01-19
สงขลา,22.154843756832385,2024-01-20
สงขลา,23.39062066924,2024-01-21
สงขลา,23.150617006169497,2024-01-22
สงขลา,17.175303115559984,2024-01-23
สงขลา,19.79730999564374,2024-01-24
สงขลา,13.556746624431447,2024-01-25
สงขลา,19.946854062066883,2024-01-26
สงขลา,20.300427554893087,2024-01-27
สงขลา,21.71828720612817,2024-01-28
สงขลา,19.686171689745755,2024-01-29
สงขลา,26.003999997891977,2024-01-30
สงขลา,16.97764458296032,2024-01-31
กระบี่,20.502104419791845,2024-01-01
กระบี่,16.377530875992882,2024-01-02
กระบี่,15.240212370887786,2024-01-03
กระบี่,18.714127356090465,2024-01-04
กระบี่,23.069294420019908,2024-01-05
กระบี่,26.514565386126122,2024-01-06
กระบี่,24.12040740085755,2024-01-07
กระบี่,20.284320380159137,2024-01-08
กระบี่,18.327257176170143,2024-01-09
กระบี่,22.94962691407217,2024-01-10
กระบี่,18.97343331902366,2024-01-11
กระบี่,19.123968653737965,2024-01-12
กระบี่,22.81398637315356,2024-01-13
กระบี่,25.647006675248843,2024-01-14
กระบี่,25.332133858185514,2024-01-15
กระบี่,22.701107928674258,2024-01-16
กระบี่,23.528638098122155,2024-01-17
กระบี่,22.292282269965177,2024-01-18
กระบี่,20.5523868121384,2024-01-19
กระบี่,24.258431606605427,2024-01-20
กระบี่,23.24881041378439,2024-01-21
กระบี่,19.442419432138585,2024-01-22
กระบี่,12.713628851573446,2024-01-23
กระบี่,15.85914040942319,2024-01-24
กระบี่,13.753350866518753,2024-01-25
กระบี่,17.96494451304767,2024-01-26
กระบี่,22.887958643258905,2024-01-27
กระบี่,21.72362341955378,2024-01-28
กระบี่,20.815741023384483,2024-01-29
กระบี่,21.900778587792797,2024-01-30
กระบี่,23.44217202636423,2024-01-31
ชลบุรี,31.574539875599037,2024-01-01
ชลบุรี,31.64645734386859,2024-01-02
ชลบุรี,31.705690081071843,2024-01-03
ชลบุรี,34.259544595787986,2024-01-04
ชลบุรี,33.99410499499918,2024-01-05
ชลบุรี,37.16480625985224,2024-01-06
ชลบุรี,43.22413955298057,2024-01-07
ชลบุรี,45.25927480825696,2024-01-08
ชลบุรี,58.667337885099926,2024-01-09
ชลบุรี,52.287382305467766,2024-01-10
ชลบุรี,40.14448946388277,2024-01-11
ชลบุรี,30.81244265702817,2024-01-12
ชลบุรี,31.792727877550117,2024-01-13
ชลบุรี,44.059972416594405,2024-01-14
ชลบุรี,45.83674307665939,2024-01-15
ชลบุรี,48.09920586436241,2024-01-16
ชลบุรี,53.90439628211949,2024-01-17
ชลบุรี,57.09738705861835,2024-01-18
ชลบุรี,66.2138117610835,2024-01-19
ชลบุรี,58.54201055522504,2024-01-20
ชลบุรี,42.18782433967157,2024-01-21
ชลบุรี,42.97265494648377,2024-01-22
ชลบุรี,57.541676513452586,2024-01-23
ชลบุรี,34.92353206347291,2024-01-24
ชลบุรี,30.473951850431924,2024-01-25
ชลบุรี,36.20113769035015,2024-01-26
ชลบุรี,54.90618690819267,2024-01-27
ชลบุรี,62.04905919564886,2024-01-28
ชลบุรี,47.98423052689228,2024-01-29
ชลบุรี,55.05779761910708,2024-01-30
ชลบุรี,53.54620830696027,2024-01-31
ชัยนาท,36.47080192913565,2024-01-01
ชัยนาท,35.708956963142555,2024-01-02
ชัยนาท,42.89463075041715,2024-01-03
ชัยนาท,35.7378952852224,2024-01-04
ชัยนาท,42.6363889307065,2024-01-05
ชัยนาท,48.308975860435304,2024-01-06
ชัยนาท,53.885956843817134,2024-01-07
ชัยนาท,61.159206786153604,2024-01-08
ชัยนาท,76.7229163360011,2024-01-09
ชัยนาท,85.49306495980487,2024-01-10
ชัยนาท,79.92565623049087,2024-01-11
ชัยนาท,69.68100942624639,2024-01-12
ชัยนาท,63.72178149031432,2024-01-13
ชัยนาท,49.430743626868406,2024-01-14
ชัยนาท,34.513558252511416,2024-01-15
ชัยนาท,30.681360181161352,2024-01-16
ชัยนาท,44.57149479560462,2024-01-17
ชัยนาท,56.95810397215293,2024-01-18
ชัยนาท,73.7395965030238,2024-01-19
ชัยนาท,76.40200093458866,2024-01-20
ชัยนาท,71.18837411267508,2024-01-21
ชัยนาท,52.54254794250234,2024-01-22
ชัยนาท,60.328345316936854,2024-01-23
ชัยนาท,28.297565310061294,2024-01-24
ชัยนาท,38.27483702431208,2024-01-25
ชัยนาท,40.46748098611706,2024-01-26
ชัยนาท,52.99472447443842,2024-01-27
ชัยนาท,64.11632518396603,2024-01-28
ชัยนาท,43.93829614563597,2024-01-29
ชัยนาท,65.87687262086223,2024-01-30
ชัยนาท,52.32264279092521,2024-01-31
นครปฐม,48.845082126710025,2024-01-01
นครปฐม,48.54686525057587,2024-01-02
นครปฐม,48.74261102159116,2024-01-03
นครปฐม,49.331983193163644,2024-01-04
นครปฐม,52.79971274159756,2024-01-05
นครปฐม,57.628596283918554,2024-01-06
นครปฐม,58.797043328154466,2024-01-07
นครปฐม,63.94721563874073,2024-01-08
นครปฐม,79.17085864399344,2024-01-09
นครปฐม,58.30360155565924,2024-01-10
นครปฐม,43.40216955782163,2024-01-11
นครปฐม,36.096448219461415,2024-01-12
นครปฐม,33.72931074334843,2024-01-13
นครปฐม,46.91330776307174,2024-01-14
นครปฐม,49.18635752027548,2024-01-15
นครปฐม,51.078748484890845,2024-01-16
นครปฐม,60.08593657666309,2024-01-17
นครปฐม,71.61870637541696,2024-01-18
นครปฐม,80.95968426154583,2024-01-19
นครปฐม,61.90670789103605,2024-01-20
นครปฐม,45.55076076598621,2024-01-21
นครปฐม,52.09599369357597,2024-01-22
นครปฐม,70.72627551525153,2024-01-23
นครปฐม,51.7946123739003,2024-01-24
นครปฐม,34.95571079276661,2024-01-25
นครปฐม,43.02934014802663,2024-01-26
นครปฐม,56.752599914819754,2024-01-27
นครปฐม,68.46279023778703,2024-01-28
นครปฐม,58.66679043871123,2024-01-29
นครปฐม,79.11841665811724,2024-01-30
นครปฐม,85.98914323864511,2024-01-31
นครพนม,10.10785993714161,2024-01-01
นครพนม,17.957073895854617,2024-01-02
นครพนม,13.114774656856442,2024-01-03
นครพนม,8.613729714514484,2024-01-04
นครพนม,13.468832553720786,2024-01-05
นครพนม,16.251946706673642,2024-01-06
นครพนม,15.845108280296634,2024-01-07
นครพนม,20.847364130575286,2024-01-08
นครพนม,29.817155664495463,2024-01-09
นครพนม,23.232505642711555,2024-01-10
นครพนม,18.72644552291902,2024-01-11
นครพนม,20.385627344057124,2024-01-12
นครพนม,14.888826612010892,2024-01-13
นครพนม,10.653511037468006,2024-01-14
นครพนม,8.921986455163067,2024-01-15
นครพนม,11.279697996918413,2024-01-16
นครพนม,14.62504049930757,2024-01-17
นครพนม,20.55940509115151,2024-01-18
นครพนม,22.97921004549629,2024-01-19
นครพนม,29.105483458636463,2024-01-20
นครพนม,20.64317784088687,2024-01-21
นครพนม,20.121057055296703,2024-01-22
นครพนม,10.434033118253979,2024-01-23
นครพนม,9.490737238525249,2024-01-24
นครพนม,11.479678759018807,2024-01-25
นครพนม,12.034697710989644,2024-01-26
นครพนม,12.8088796416588,2024-01-27
นครพนม,11.617809666006114,2024-01-28
นครพนม,17.222897489161433,2024-01-29
นครพนม,23.652636919037356,2024-01-30
นครพนม,34.79613805127663,2024-01-31
บึงกาฬ,12.36170025802214,2024-01-01
บึงกาฬ,15.53136122600233,2024-01-02
บึงกาฬ,16.807764707942166,2024-01-03
บึงกาฬ,8.26752081932819,2024-01-04
บึงกาฬ,13.229675525668531,2024-01-05
บึงกาฬ,14.863552150942681,2024-01-06
บึงกาฬ,16.023868954837326,2024-01-07
บึงกาฬ,19.93913665540513,2024-01-08
บึงกาฬ,27.0540395304099,2024-01-09
บึงกาฬ,24.717428367127777,2024-01-10
บึงกาฬ,18.59163084894068,2024-01-11
บึงกาฬ,22.324123991460155,2024-01-12
บึงกาฬ,15.739150819602923,2024-01-13
บึงกาฬ,9.924000618061614,2024-01-14
บึงกาฬ,8.71802537016745,2024-01-15
บึงกาฬ,12.962864905413248,2024-01-16
บึงกาฬ,15.259517184123624,2024-01-17
บึงกาฬ,17.85979520449063,2024-01-18
บึงกาฬ,23.793534402693183,2024-01-19
บึงกาฬ,25.733968259314295,2024-01-20
บึงกาฬ,23.71270644643999,2024-01-21
บึงกาฬ,21.446212537394544,2024-01-22
บึงกาฬ,10.188808870565156,2024-01-23
บึงกาฬ,8.937022726226315,2024-01-24
บึงกาฬ,10.75463526862574,2024-01-25
บึงกาฬ,14.431964629143225,2024-01-26
บึงกาฬ,11.914115049155777,2024-01-27
บึงกาฬ,13.975120945671158,2024-01-28
บึงกาฬ,12.077095885290596,2024-01-29
บึงกาฬ,14.606621703977787,2024-01-30
บึงกาฬ,25.105144294462818,2024-01-31
พัทลุง,19.836111122442865,2024-01-01
พัทลุง,18.33208957101073,2024-01-02
พัทลุง,19.3237170823186,2024-01-03
พัทลุง,15.796244026010557,2024-01-04
พัทลุง,24.04386660012053,2024-01-05
พัทลุง,27.803534374475216,2024-01-06
พัทลุง,31.269382918621446,2024-01-07
พัทลุง,33.71828426282656,2024-01-08
พัทลุง,31.696866084463377,2024-01-09
พัทลุง,35.86839368334558,2024-01-10
พัทลุง,31.244605126867107,2024-01-11
พัทลุง,26.841625635048835,2024-01-12
พัทลุง,18.73662604255085,2024-01-13
พัทลุง,21.100081253567975,2024-01-14
พัทลุง,19.10868771731986,2024-01-15
พัทลุง,23.44483553995691,2024-01-16
พัทลุง,23.493362709251002,2024-01-17
พัทลุง,24.247072837530165,2024-01-18
พัทลุง,25.763436365668127,2024-01-19
พัทลุง,26.809545421558063,2024-01-20
พัทลุง,21.935284620113706,2024-01-21
พัทลุง,20.888642971169656,2024-01-22
พัทลุง,18.467873636570996,2024-01-23
พัทลุง,19.807895951423795,2024-01-24
พัทลุง,14.623134574431726,2024-01-25
พัทลุง,19.96015422849297,2024-01-26
พัทลุง,22.49966649952195,2024-01-27
พัทลุง,19.38502688997291,2024-01-28
พัทลุง,24.104497490228226,2024-01-29
พัทลุง,25.199559364473387,2024-01-30
พัทลุง,18.48603557053444,2024-01-31
พิจิตร,38.58540978671865,2024-01-01
พิจิตร,30.963752999819366,2024-01-02
พิจิตร,37.83195045749621,2024-01-03
พิจิตร,33.12372115191124,2024-01-04
พิจิตร,35.13475287808428,2024-01-05
พิจิตร,37.31373327637294,2024-01-06
พิจิตร,45.42419318358868,2024-01-07
พิจิตร,50.60270001284749,2024-01-08
พิจิตร,56.766150680899926,2024-01-09
พิจิตร,69.1851787589432,2024-01-10
พิจิตร,65.37430397740704,2024-01-11
พิจิตร,56.20767859638468,2024-01-12
พิจิตร,49.985185407591395,2024-01-13
พิจิตร,36.247796550518245,2024-01-14
พิจิตร,31.966896672775523,2024-01-15
พิจิตร,29.608243141087964,2024-01-16
พิจิตร,34.80553511785071,2024-01-17
พิจิตร,43.71608390168894,2024-01-18
พิจิตร,52.09255203180248,2024-01-19
พิจิตร,45.58797613860287,2024-01-20
พิจิตร,43.835390130890644,2024-01-21
พิจิตร,43.829788061825255,2024-01-22
พิจิตร,51.38172683372687,2024-01-23
พิจิตร,38.81291172940576,2024-01-24
พิจิตร,38.124944269804004,2024-01-25
พิจิตร,33.30372923817557,2024-01-26
พิจิตร,36.20409617945896,2024-01-27
พิจิตร,45.8912116259294,2024-01-28
พิจิตร,30.296643621538045,2024-01-29
พิจิตร,44.99882242717415,2024-01-30
พิจิตร,33.157619044232405,2024-01-31
ภูเก็ต,21.215025507017355,2024-01-01
ภูเก็ต,16.77677894009899,2024-01-02
ภูเก็ต,14.229763422449833,2024-01-03
ภูเก็ต,16.042618497528675,2024-01-04
ภูเก็ต,21.782651526509635,2024-01-05
ภูเก็ต,20.389605526392625,2024-01-06
ภูเก็ต,13.58029857516468,2024-01-07
ภูเก็ต,22.57672957570171,2024-01-08
ภูเก็ต,19.968769398247847,2024-01-09
ภูเก็ต,21.21160537526151,2024-01-10
ภูเก็ต,22.512310477903565,2024-01-11
ภูเก็ต,23.113678500499255,2024-01-12
ภูเก็ต,23.119935369197954,2024-01-13
ภูเก็ต,20.826583233984383,2024-01-14
ภูเก็ต,14.043182249019528,2024-01-15
ภูเก็ต,18.984503356381005,2024-01-16
ภูเก็ต,24.60051105943045,2024-01-17
ภูเก็ต,23.30305069197116,2024-01-18
ภูเก็ต,22.078042744918566,2024-01-19
ภูเก็ต,29.428114152421138,2024-01-20
ภูเก็ต,25.0975639639126,2024-01-21
ภูเก็ต,21.650691345949593,2024-01-22
ภูเก็ต,10.508975152354546,2024-01-23
ภูเก็ต,16.2093113098529,2024-01-24
ภูเก็ต,15.134576341751835,2024-01-25
ภูเก็ต,19.46095925987741,2024-01-26
ภูเก็ต,21.83472793596144,2024-01-27
ภูเก็ต,20.428591803733966,2024-01-28
ภูเก็ต,20.63039801278657,2024-01-29
ภูเก็ต,19.829170190765964,2024-01-30
ภูเก็ต,20.18540519038417,2024-01-31
ลพบุรี,32.436901321056034,2024-01-01
ลพบุรี,35.28618476599855,2024-01-02
ลพบุรี,38.20162347141615,2024-01-03
ลพบุรี,35.77692770979047,2024-01-04
ลพบุรี,38.53284395107413,2024-01-05
ลพบุรี,44.16813197878104,2024-01-06
ลพบุรี,47.410579435947376,2024-01-07
ลพบุรี,55.2560816805273,2024-01-08
ลพบุรี,70.8236373405069,2024-01-09
ลพบุรี,70.96325981493042,2024-01-10
ลพบุรี,64.62711589868512,2024-01-11
ลพบุรี,60.37291050505038,2024-01-12
ลพบุรี,49.90269690525052,2024-01-13
ลพบุรี,44.495692872909544,2024-01-14
ลพบุรี,35.898830226445725,2024-01-15
ลพบุรี,36.63740209405018,2024-01-16
ลพบุรี,46.31707375901763,2024-01-17
ลพบุรี,58.08924169842298,2024-01-18
ลพบุรี,71.71051194030403,2024-01-19
ลพบุรี,68.99058032435536,2024-01-20
ลพบุรี,61.137460409184754,2024-01-21
ลพบุรี,59.36167027992313,2024-01-22
ลพบุรี,60.92715706321933,2024-01-23
ลพบุรี,30.468101506411575,2024-01-24
ลพบุรี,32.20438126949112,2024-01-25
ลพบุรี,36.94235392135073,2024-01-26
ลพบุรี,46.61288307798567,2024-01-27
ลพบุรี,58.914274206572884,2024-01-28
ลพบุรี,44.47980377779275,2024-01-29
ลพบุรี,64.94502663685992,2024-01-30
ลพบุรี,56.68169904632249,2024-01-31
สกลนคร,11.759577363773747,2024-01-01
สกลนคร,17.100635152063948,2024-01-02
สกลนคร,16.762279557554358,2024-01-03
สกลนคร,9.186682235649677,2024-01-04
สกลนคร,13.504725276607248,2024-01-05
สกลนคร,15.938128985404347,2024-01-06
สกลนคร,17.453349133041726,2024-01-07
สกลนคร,22.877826332145787,2024-01-08
สกลนคร,29.009970433480866,2024-01-09
สกลนคร,26.706430430217786,2024-01-10
สกลนคร,20.72614050208945,2024-01-11
สกลนคร,21.54806840243859,2024-01-12
สกลนคร,17.63251973942354,2024-01-13
สกลนคร,12.011472874041319,2024-01-14
สกลนคร,9.327906523970213,2024-01-15
สกลนคร,12.357679125164925,2024-01-16
สกลนคร,16.283415728862416,2024-01-17
สกลนคร,23.169821144824965,2024-01-18
สกลนคร,26.423399242012323,2024-01-19
สกลนคร,30.892815508609782,2024-01-20
สกลนคร,25.487710315006744,2024-01-21
สกลนคร,25.520748052547276,2024-01-22
สกลนคร,11.52711760618415,2024-01-23
สกลนคร,9.42045960210952,2024-01-24
สกลนคร,11.422131492309635,2024-01-25
สกลนคร,13.752285993987186,2024-01-26
สกลนคร,13.877911848630523,2024-01-27
สกลนคร,13.878052022646992,2024-01-28
สกลนคร,14.401241187426827,2024-01-29
สกลนคร,20.406704545672476,2024-01-30
สกลนคร,32.56732882135243,2024-01-31
ขอนแก่น,17.878061923399837,2024-01-01
ขอนแก่น,24.406081077415287,2024-01-02
ขอนแก่น,28.73399078688397,2024-01-03
ขอนแก่น,15.811375802274098,2024-01-04
ขอนแก่น,22.209492084476153,2024-01-05
ขอนแก่น,25.990004708127092,2024-01-06
ขอนแก่น,26.943524727054324,2024-01-07
ขอนแก่น,34.73731106466393,2024-01-08
ขอนแก่น,42.05048850035119,2024-01-09
ขอนแก่น,40.57409385807258,2024-01-10
ขอนแก่น,31.65369354241828,2024-01-11
ขอนแก่น,33.45928624418339,2024-01-12
ขอนแก่น,29.42492071260793,2024-01-13
ขอนแก่น,22.159412624800286,2024-01-14
ขอนแก่น,14.100521910124305,2024-01-15
ขอนแก่น,16.9973653916705,2024-01-16
ขอนแก่น,22.653935560333764,2024-01-17
ขอนแก่น,34.096546445795695,2024-01-18
ขอนแก่น,41.690843157754955,2024-01-19
ขอนแก่น,42.08120594878462,2024-01-20
ขอนแก่น,43.56892607888932,2024-01-21
ขอนแก่น,47.58036114533667,2024-01-22
ขอนแก่น,21.539906125719696,2024-01-23
ขอนแก่น,13.9280528410352,2024-01-24
ขอนแก่น,18.443428224337765,2024-01-25
ขอนแก่น,20.532278677965454,2024-01-26
ขอนแก่น,23.92547156634766,2024-01-27
ขอนแก่น,23.713050251788896,2024-01-28
ขอนแก่น,21.271687959234832,2024-01-29
ขอนแก่น,32.05408709820077,2024-01-30
ขอนแก่น,52.946310152399676,2024-01-31
ชัยภูมิ,22.905855193325433,2024-01-01
ชัยภูมิ,24.972540220913007,2024-01-02
ชัยภูมิ,28.63230444440849,2024-01-03
ชัยภูมิ,21.880158066338414,2024-01-04
ชัยภูมิ,27.851570700813777,2024-01-05
ชัยภูมิ,29.691052130239473,2024-01-06
ชัยภูมิ,30.538852221533503,2024-01-07
ชัยภูมิ,35.57659137555829,2024-01-08
ชัยภูมิ,45.717502617057896,2024-01-09
ชัยภูมิ,45.90032411213664,2024-01-10
ชัยภูมิ,40.48475149663917,2024-01-11
ชัยภูมิ,40.55091827056801,2024-01-12
ชัยภูมิ,35.96386606950187,2024-01-13
ชัยภูมิ,27.96751313784212,2024-01-14
ชัยภูมิ,21.71203325785901,2024-01-15
ชัยภูมิ,22.16979932226863,2024-01-16
ชัยภูมิ,28.0020877762319,2024-01-17
ชัยภูมิ,38.21115591751477,2024-01-18
ชัยภูมิ,45.28410577370941,2024-01-19
ชัยภูมิ,44.00269147192328,2024-01-20
ชัยภูมิ,51.404363799975094,2024-01-21
ชัยภูมิ,57.92820138017712,2024-01-22
ชัยภูมิ,36.28916427378727,2024-01-23
ชัยภูมิ,20.867449725128743,2024-01-24
ชัยภูมิ,24.722287580371994,2024-01-25
ชัยภูมิ,26.514304326350036,2024-01-26
ชัยภูมิ,31.537771573743747,2024-01-27
ชัยภูมิ,34.94382840398609,2024-01-28
ชัยภูมิ,29.041221978606018,2024-01-29
ชัยภูมิ,41.957184701963975,2024-01-30
ชัยภูมิ,59.943305462742345,2024-01-31
นครนายก,28.308662775329495,2024-01-01
นครนายก,25.28046911600318,2024-01-02
นครนายก,28.075001186150686,2024-01-03
นครนายก,31.846982512029406,2024-01-04
นครนายก,29.148318140169103,2024-01-05
นครนายก,33.07370146512145,2024-01-06
นครนายก,36.283824059781196,2024-01-07
นครนายก,40.919330968028994,2024-01-08
นครนายก,56.125439784468526,2024-01-09
นครนายก,52.23166557778598,2024-01-10
นครนายก,47.344972672862696,2024-01-11
นครนายก,42.125203475601865,2024-01-12
นครนายก,37.37779450761308,2024-01-13
นครนายก,39.423213476197766,2024-01-14
นครนายก,31.637170035005393,2024-01-15
นครนายก,32.69326495648326,2024-01-16
นครนายก,39.42992775833502,2024-01-17
นครนายก,45.25634489663309,2024-01-18
นครนายก,51.78100381544914,2024-01-19
นครนายก,47.76493062344949,2024-01-20
นครนายก,46.608632480640864,2024-01-21
นครนายก,48.50920985548757,2024-01-22
นครนายก,54.89279490678524,2024-01-23
นครนายก,30.641213873969484,2024-01-24
นครนายก,26.159764748454123,2024-01-25
นครนายก,32.25624313879684,2024-01-26
นครนายก,45.89256394283716,2024-01-27
นครนายก,52.29027089925254,2024-01-28
นครนายก,41.41200677255697,2024-01-29
นครนายก,58.37372147339181,2024-01-30
นครนายก,68.40620922961396,2024-01-31
นนทบุรี,44.06845548871836,2024-01-01
นนทบุรี,44.52614714358972,2024-01-02
นนทบุรี,42.87869664176684,2024-01-03
นนทบุรี,46.59575507168119,2024-01-04
นนทบุรี,48.34255404839513,2024-01-05
นนทบุรี,52.418699473990245,2024-01-06
นนทบุรี,53.962964178045326,2024-01-07
นนทบุรี,61.02390140824028,2024-01-08
นนทบุรี,83.92045272651735,2024-01-09
นนทบุรี,61.49477887178052,2024-01-10
นนทบุรี,46.215400995129855,2024-01-11
นนทบุรี,34.91655688813719,2024-01-12
นนทบุรี,36.658194483187884,2024-01-13
นนทบุรี,46.17831217654107,2024-01-14
นนทบุรี,46.24422944151107,2024-01-15
นนทบุรี,48.908755378443786,2024-01-16
นนทบุรี,54.299016897450095,2024-01-17
นนทบุรี,67.39097095293769,2024-01-18
นนทบุรี,76.35435871077742,2024-01-19
นนทบุรี,60.87952754965812,2024-01-20
นนทบุรี,42.926714728509076,2024-01-21
นนทบุรี,50.487304466891224,2024-01-22
นนทบุรี,66.62300033405725,2024-01-23
นนทบุรี,41.70064993470355,2024-01-24
นนทบุรี,32.722673425034316,2024-01-25
นนทบุรี,41.94264530532565,2024-01-26
นนทบุรี,55.12600860019746,2024-01-27
นนทบุรี,65.00635518987349,2024-01-28
นนทบุรี,52.3796560429685,2024-01-29
นนทบุรี,84.51958289873326,2024-01-30
นนทบุรี,87.05984287174816,2024-01-31
ปัตตานี,21.834913416663344,2024-01-01
ปัตตานี,16.601666197162206,2024-01-02
ปัตตานี,15.702274111496173,2024-01-03
ปัตตานี,18.322399465384333,2024-01-04
ปัตตานี,21.20114136740212,2024-01-05
ปัตตานี,26.947784245850425,2024-01-06
ปัตตานี,27.297104860049313,2024-01-07
ปัตตานี,27.81738599372555,2024-01-08
ปัตตานี,26.194412347977757,2024-01-09
ปัตตานี,29.983438936811034,2024-01-10
ปัตตานี,22.657382441859593,2024-01-11
ปัตตานี,21.872943218947746,2024-01-12
ปัตตานี,21.52881493834135,2024-01-13
ปัตตานี,21.93327687109419,2024-01-14
ปัตตานี,21.393825433174023,2024-01-15
ปัตตานี,22.15205001107714,2024-01-16
ปัตตานี,23.415193292671734,2024-01-17
ปัตตานี,22.009575413761514,2024-01-18
ปัตตานี,27.085060248422405,2024-01-19
ปัตตานี,21.643191894123365,2024-01-20
ปัตตานี,26.37696506206582,2024-01-21
ปัตตานี,27.080721660378988,2024-01-22
ปัตตานี,17.50407199001733,2024-01-23
ปัตตานี,18.292457341818615,2024-01-24
ปัตตานี,12.748232982135447,2024-01-25
ปัตตานี,18.3771630799953,2024-01-26
ปัตตานี,17.409089558247807,2024-01-27
ปัตตานี,19.984434183614873,2024-01-28
ปัตตานี,18.704768914568426,2024-01-29
ปัตตานี,21.24480388229593,2024-01-30
ปัตตานี,14.27198124260193,2024-01-31
ราชบุรี,45.18048606299431,2024-01-01
ราชบุรี,44.75018538776025,2024-01-02
ราชบุรี,45.64326661890272,2024-01-03
ราชบุรี,50.91384975594786,2024-01-04
ราชบุรี,57.99415977673319,2024-01-05
ราชบุรี,60.716839976154816,2024-01-06
ราชบุรี,65.36262812344519,2024-01-07
ราชบุรี,65.42183376012075,2024-01-08
ราชบุรี,76.45849313087909,2024-01-09
ราชบุรี,60.02087513972146,2024-01-10
ราชบุรี,51.965522655418475,2024-01-11
ราชบุรี,41.51020239182627,2024-01-12
ราชบุรี,37.654981451516676,2024-01-13
ราชบุรี,52.273419372767904,2024-01-14
ราชบุรี,58.87005935343082,2024-01-15
ราชบุรี,54.997301548007876,2024-01-16
ราชบุรี,63.48259040743449,2024-01-17
ราชบุรี,73.12017059958865,2024-01-18
ราชบุรี,78.27586411270788,2024-01-19
ราชบุรี,62.06192812732332,2024-01-20
ราชบุรี,46.088412500247436,2024-01-21
ราชบุรี,52.13598076218936,2024-01-22
ราชบุรี,71.0752109525529,2024-01-23
ราชบุรี,58.141216061224874,2024-01-24
ราชบุรี,40.759200144673756,2024-01-25
ราชบุรี,45.870664170360726,2024-01-26
ราชบุรี,63.40607740259368,2024-01-27
ราชบุรี,74.49773855346211,2024-01-28
ราชบุรี,62.98526404861912,2024-01-29
ราชบุรี,75.57366611482234,2024-01-30
ราชบุรี,70.13681471247747,2024-01-31
สระบุรี,30.728087949015343,2024-01-01
สระบุรี,32.79354255196476,2024-01-02
สระบุรี,37.559986534059725,2024-01-03
สระบุรี,35.00221284222351,2024-01-04
สระบุรี,35.75958579914445,2024-01-05
สระบุรี,44.91023263514051,2024-01-06
สระบุรี,44.24218814860067,2024-01-07
สระบุรี,54.817158471310115,2024-01-08
สระบุรี,68.2636870416944,2024-01-09
สระบุรี,66.50220298397792,2024-01-10
สระบุรี,61.421515742678956,2024-01-11
สระบุรี,56.83455706506195,2024-01-12
สระบุรี,45.76306581151431,2024-01-13
สระบุรี,44.67391186744782,2024-01-14
สระบุรี,35.1212782250974,2024-01-15
สระบุรี,39.33805425937366,2024-01-16
สระบุรี,48.840250984723035,2024-01-17
สระบุรี,57.62514734916063,2024-01-18
สระบุรี,69.2314472203468,2024-01-19
สระบุรี,64.17126941358964,2024-01-20
สระบุรี,57.68300258761744,2024-01-21
สระบุรี,59.69166790650708,2024-01-22
สระบุรี,63.954416375173444,2024-01-23
สระบุรี,32.277709513851306,2024-01-24
สระบุรี,31.698500434956543,2024-01-25
สระบุรี,37.56814938354989,2024-01-26
สระบุรี,48.0767590901549,2024-01-27
สระบุรี,59.96057618935085,2024-01-28
สระบุรี,46.15592650111961,2024-01-29
สระบุรี,67.1253643606207,2024-01-30
สระบุรี,59.057014449575846,2024-01-31
สระแก้ว,28.277522395597483,2024-01-01
สระแก้ว,29.57236306479125,2024-01-02
สระแก้ว,33.67775128573131,2024-01-03
สระแก้ว,32.04115653589137,2024-01-04
สระแก้ว,36.30383284662766,2024-01-05
สระแก้ว,38.70685103526088,2024-01-06
สระแก้ว,42.56673878067881,2024-01-07
สระแก้ว,44.21718481531019,2024-01-08
สระแก้ว,56.26379748452221,2024-01-09
สระแก้ว,53.72789642595108,2024-01-10
สระแก้ว,48.83283009928993,2024-01-11
สระแก้ว,42.192173041251195,2024-01-12
สระแก้ว,48.63891496746598,2024-01-13
สระแก้ว,46.172326888507854,2024-01-14
สระแก้ว,43.81347323283975,2024-01-15
สระแก้ว,47.74152704019926,2024-01-16
สระแก้ว,49.75459871638635,2024-01-17
สระแก้ว,57.307852240322674,2024-01-18
สระแก้ว,62.33006837791205,2024-01-19
สระแก้ว,60.452283932446655,2024-01-20
สระแก้ว,58.161106673725115,2024-01-21
สระแก้ว,66.47397158565288,2024-01-22
สระแก้ว,57.45576300829097,2024-01-23
สระแก้ว,25.669470362079448,2024-01-24
สระแก้ว,24.157408751812557,2024-01-25
สระแก้ว,35.07615297924841,2024-01-26
สระแก้ว,51.13259678629123,2024-01-27
สระแก้ว,58.76191769835174,2024-01-28
สระแก้ว,45.58917084934815,2024-01-29
สระแก้ว,62.19712811911645,2024-01-30
สระแก้ว,83.91338015956707,2024-01-31
สุโขทัย,32.336345642901584,2024-01-01
สุโขทัย,27.890525043986262,2024-01-02
สุโขทัย,32.88406372592929,2024-01-03
สุโขทัย,34.27234805992708,2024-01-04
สุโขทัย,31.57792789961961,2024-01-05
สุโขทัย,34.253276073382814,2024-01-06
สุโขทัย,49.70927150824019,2024-01-07
สุโขทัย,53.00936190383115,2024-01-08
สุโขทัย,60.079140954003485,2024-01-09
สุโขทัย,69.35679590514603,2024-01-10
สุโขทัย,74.57062048938184,2024-01-11
สุโขทัย,69.24620341924205,2024-01-12
สุโขทัย,64.52155421504027,2024-01-13
สุโขทัย,41.84222263588818,2024-01-14
สุโขทัย,39.97596624699217,2024-01-15
สุโขทัย,34.0532449003385,2024-01-16
สุโขทัย,36.01435794930057,2024-01-17
สุโขทัย,48.747637627064094,2024-01-18
สุโขทัย,48.532070161707786,2024-01-19
สุโขทัย,37.43957396376767,2024-01-20
สุโขทัย,36.86309584338141,2024-01-21
สุโขทัย,48.31035489960168,2024-01-22
สุโขทัย,65.35537497522718,2024-01-23
สุโขทัย,56.429157321510544,2024-01-24
สุโขทัย,51.85416079987102,2024-01-25
สุโขทัย,52.902746070024385,2024-01-26
สุโขทัย,41.26489104078745,2024-01-27
สุโขทัย,38.8517871820143,2024-01-28
สุโขทัย,27.620662181667853,2024-01-29
สุโขทัย,30.485270151634946,2024-01-30
สุโขทัย,30.10397704009315,2024-01-31
หนองคาย,27.06514101542587,2024-01-01
หนองคาย,27.281294837842378,2024-01-02
หนองคาย,39.36110778029834,2024-01-03
หนองคาย,15.897278683846782,2024-01-04
หนองคาย,22.613639213344108,2024-01-05
หนองคาย,24.82600044586893,2024-01-06
หนองคาย,31.29241947709799,2024-01-07
หนองคาย,40.17684735704598,2024-01-08
หนองคาย,39.21845301200628,2024-01-09
หนองคาย,42.62326257181965,2024-01-10
หนองคาย,29.45310010068756,2024-01-11
หนองคาย,31.714768119604965,2024-01-12
หนองคาย,25.326385891813487,2024-01-13
หนองคาย,14.292268681893932,2024-01-14
หนองคาย,12.724785721453685,2024-01-15
หนองคาย,18.036738276958594,2024-01-16
หนองคาย,23.768327632579417,2024-01-17
หนองคาย,41.87509314771908,2024-01-18
หนองคาย,52.61346540076692,2024-01-19
หนองคาย,51.02627153699705,2024-01-20
หนองคาย,36.289282786437745,2024-01-21
หนองคาย,35.79147647467455,2024-01-22
หนองคาย,15.015586707913775,2024-01-23
หนองคาย,10.679289705427776,2024-01-24
หนองคาย,16.115424153451446,2024-01-25
หนองคาย,24.579075409997607,2024-01-26
หนองคาย,20.46936586081496,2024-01-27
หนองคาย,18.37414106197481,2024-01-28
หนองคาย,15.101070915218594,2024-01-29
หนองคาย,27.227864247674866,2024-01-30
หนองคาย,44.72634288409662,2024-01-31
อ่างทอง,39.90731570993224,2024-01-01
อ่างทอง,46.419659870116426,2024-01-02
อ่างทอง,45.41589300648879,2024-01-03
อ่างทอง,42.886567725768415,2024-01-04
อ่างทอง,51.374273612582584,2024-01-05
อ่างทอง,54.863914664332135,2024-01-06
อ่างทอง,60.16707223290087,2024-01-07
อ่างทอง,64.73780189043383,2024-01-08
อ่างทอง,84.02722195065921,2024-01-09
อ่างทอง,88.43722971467231,2024-01-10
อ่างทอง,77.40743660035328,2024-01-11
อ่างทอง,73.19043970569534,2024-01-12
อ่างทอง,57.26260243439595,2024-01-13
อ่างทอง,57.446929637717936,2024-01-14
อ่างทอง,42.10728048993839,2024-01-15
อ่างทอง,44.34148583224048,2024-01-16
อ่างทอง,53.82822943296808,2024-01-17
อ่างทอง,71.7204796529163,2024-01-18
อ่างทอง,87.68728081479543,2024-01-19
อ่างทอง,88.3149295383453,2024-01-20
อ่างทอง,75.61202319956769,2024-01-21
อ่างทอง,71.7400112498337,2024-01-22
อ่างทอง,79.17709123689994,2024-01-23
อ่างทอง,30.854445462466852,2024-01-24
อ่างทอง,29.50784375101469,2024-01-25
อ่างทอง,38.957727030439685,2024-01-26
อ่างทอง,55.02122101228213,2024-01-27
อ่างทอง,70.21399571842865,2024-01-28
อ่างทอง,54.23758819472859,2024-01-29
อ่างทอง,78.07090273967323,2024-01-30
อ่างทอง,59.8270215263841,2024-01-31
จันทบุรี,26.186232151565456,2024-01-01
จันทบุรี,24.985958244392688,2024-01-02
จันทบุรี,26.013786260479883,2024-01-03
จันทบุรี,26.550980468958137,2024-01-04
จันทบุรี,26.20394071090145,2024-01-05
จันทบุรี,29.70269228069403,2024-01-06
จันทบุรี,34.389752027662894,2024-01-07
จันทบุรี,35.860603345261914,2024-01-08
จันทบุรี,45.855207101407906,2024-01-09
จันทบุรี,43.06612254780619,2024-01-10
จันทบุรี,38.8018184180326,2024-01-11
จันทบุรี,31.144940022003517,2024-01-12
จันทบุรี,32.685194037855325,2024-01-13
จันทบุรี,40.35698870443848,2024-01-14
จันทบุรี,37.54675640485048,2024-01-15
จันทบุรี,40.43159588923919,2024-01-16
จันทบุรี,41.31899321156701,2024-01-17
จันทบุรี,46.52071866130601,2024-01-18
จันทบุรี,55.08284787023221,2024-01-19
จันทบุรี,50.162608855308996,2024-01-20
จันทบุรี,43.14985617037631,2024-01-21
จันทบุรี,43.50154577568752,2024-01-22
จันทบุรี,50.497643152386395,2024-01-23
จันทบุรี,32.002167255220606,2024-01-24
จันทบุรี,26.64973187664245,2024-01-25
จันทบุรี,34.430492557398786,2024-01-26
จันทบุรี,46.01801491094497,2024-01-27
จันทบุรี,51.74135731311255,2024-01-28
จันทบุรี,43.225807669359575,2024-01-29
จันทบุรี,49.7236571995731,2024-01-30
จันทบุรี,54.27587805800057,2024-01-31
นราธิวาส,24.567977828079133,2024-01-01
นราธิวาส,16.879481091743134,2024-01-02
นราธิวาส,16.140788871831965,2024-01-03
นราธิวาส,16.873970502196745,2024-01-04
นราธิวาส,20.59594771804968,2024-01-05
นราธิวาส,23.04297999891835,2024-01-06
นราธิวาส,27.8060119730008,2024-01-07
นราธิวาส,23.983243868425486,2024-01-08
นราธิวาส,22.750048972196215,2024-01-09
นราธิวาส,27.793211977468935,2024-01-10
นราธิวาส,23.071580609129246,2024-01-11
นราธิวาส,23.464837001039996,2024-01-12
นราธิวาส,20.98504729500622,2024-01-13
นราธิวาส,21.887255307464333,2024-01-14
นราธิวาส,23.23736244921345,2024-01-15
นราธิวาส,19.01766463639881,2024-01-16
นราธิวาส,23.339792447598146,2024-01-17
นราธิวาส,20.588560498636085,2024-01-18
นราธิวาส,24.388318888013476,2024-01-19
นราธิวาส,22.817737214698347,2024-01-20
นราธิวาส,24.12927890226341,2024-01-21
นราธิวาส,24.18220176502299,2024-01-22
นราธิวาส,17.573383777909566,2024-01-23
นราธิวาส,20.48131907370615,2024-01-24
นราธิวาส,15.23111106187658,2024-01-25
นราธิวาส,17.861467163530655,2024-01-26
นราธิวาส,16.273364745587763,2024-01-27
นราธิวาส,18.320879448411194,2024-01-28
นราธิวาส,18.482774007047155,2024-01-29
นราธิวาส,19.075360814796845,2024-01-30
นราธิวาส,13.676695327444522,2024-01-31
ปทุมธานี,40.53116768022713,2024-01-01
ปทุมธานี,41.77930575960251,2024-01-02
ปทุมธานี,39.961011678585315,2024-01-03
ปทุมธานี,44.59576486741018,2024-01-04
ปทุมธานี,46.305307008114596,2024-01-05
ปทุมธานี,49.52824192921991,2024-01-06
ปทุมธานี,52.952422576975096,2024-01-07
ปทุมธานี,58.575480781808615,2024-01-08
ปทุมธานี,78.63347751279267,2024-01-09
ปทุมธานี,63.06259202917656,2024-01-10
ปทุมธานี,50.6779801316636,2024-01-11
ปทุมธานี,39.43140274919036,2024-01-12
ปทุมธานี,40.3456838853801,2024-01-13
ปทุมธานี,47.82574820559942,2024-01-14
ปทุมธานี,44.745697290263045,2024-01-15
ปทุมธานี,46.781728947897705,2024-01-16
ปทุมธานี,52.88259417815805,2024-01-17
ปทุมธานี,64.24220651223206,2024-01-18
ปทุมธานี,72.74593384572215,2024-01-19
ปทุมธานี,63.740078882026864,2024-01-20
ปทุมธานี,46.89461103555005,2024-01-21
ปทุมธานี,52.52526709212987,2024-01-22
ปทุมธานี,67.70680607531354,2024-01-23
ปทุมธานี,39.46760286496329,2024-01-24
ปทุมธานี,31.6611423313731,2024-01-25
ปทุมธานี,39.9777611709665,2024-01-26
ปทุมธานี,53.43044878757772,2024-01-27
ปทุมธานี,65.14442895196466,2024-01-28
ปทุมธานี,52.709901736631146,2024-01-29
ปทุมธานี,79.1173246145789,2024-01-30
ปทุมธานี,80.45719574667515,2024-01-31
พิษณุโลก,37.131602106555384,2024-01-01
พิษณุโลก,28.561024125547288,2024-01-02
พิษณุโลก,33.422048193336174,2024-01-03
พิษณุโลก,30.132301818214597,2024-01-04
พิษณุโลก,29.70333550305561,2024-01-05
พิษณุโลก,33.14548749519085,2024-01-06
พิษณุโลก,41.80961992952599,2024-01-07
พิษณุโลก,46.39926804586022,2024-01-08
พิษณุโลก,51.907127555127886,2024-01-09
พิษณุโลก,64.42499670165122,2024-01-10
พิษณุโลก,62.783861775628154,2024-01-11
พิษณุโลก,59.26019020542254,2024-01-12
พิษณุโลก,52.81151855613203,2024-01-13
พิษณุโลก,37.141177481048636,2024-01-14
พิษณุโลก,33.87824565851264,2024-01-15
พิษณุโลก,27.926293781279867,2024-01-16
พิษณุโลก,29.814017811700406,2024-01-17
พิษณุโลก,39.573491202083105,2024-01-18
พิษณุโลก,44.7019356598728,2024-01-19
พิษณุโลก,39.948151552998155,2024-01-20
พิษณุโลก,38.76977775224518,2024-01-21
พิษณุโลก,42.944741369515825,2024-01-22
พิษณุโลก,49.26863228694466,2024-01-23
พิษณุโลก,38.0630273718114,2024-01-24
พิษณุโลก,37.65128014568671,2024-01-25
พิษณุโลก,36.440540324581825,2024-01-26
พิษณุโลก,34.02604475477501,2024-01-27
พิษณุโลก,37.26731525222519,2024-01-28
พิษณุโลก,27.116001566364993,2024-01-29
พิษณุโลก,34.93412945846314,2024-01-30
พิษณุโลก,37.07038776283818,2024-01-31
มุกดาหาร,9.88413017585323,2024-01-01
มุกดาหาร,17.629244756792986,2024-01-02
มุกดาหาร,12.055370965616738,2024-01-03
มุกดาหาร,10.234651123806326,2024-01-04
มุกดาหาร,15.541657260218257,2024-01-05
มุกดาหาร,17.619282852265478,2024-01-06
มุกดาหาร,17.613447037567273,2024-01-07
มุกดาหาร,21.361125273314997,2024-01-08
มุกดาหาร,27.757932692709854,2024-01-09
มุกดาหาร,22.567455180618683,2024-01-10
มุกดาหาร,21.136325210155423,2024-01-11
มุกดาหาร,21.524179276220572,2024-01-12
มุกดาหาร,17.43109122511981,2024-01-13
มุกดาหาร,12.834327881839661,2024-01-14
มุกดาหาร,10.916943540173124,2024-01-15
มุกดาหาร,13.644406233491924,2024-01-16
มุกดาหาร,19.138041813820664,2024-01-17
มุกดาหาร,23.2789970518136,2024-01-18
มุกดาหาร,26.230101187788115,2024-01-19
มุกดาหาร,29.34338360839686,2024-01-20
มุกดาหาร,23.68890218170334,2024-01-21
มุกดาหาร,26.655985213234416,2024-01-22
มุกดาหาร,15.968925027947689,2024-01-23
มุกดาหาร,14.916102951627785,2024-01-24
มุกดาหาร,14.929571657664605,2024-01-25
มุกดาหาร,14.730429937425468,2024-01-26
มุกดาหาร,16.938123196993725,2024-01-27
มุกดาหาร,14.84599864871649,2024-01-28
มุกดาหาร,23.174098466791545,2024-01-29
มุกดาหาร,27.639769374022567,2024-01-30
มุกดาหาร,21.157365774459006,2024-01-31
ร้อยเอ็ด,11.90937877087541,2024-01-01
ร้อยเอ็ด,19.594290638134588,2024-01-02
ร้อยเอ็ด,15.235781938923179,2024-01-03
ร้อยเอ็ด,10.935969757466331,2024-01-04
ร้อยเอ็ด,18.163016048197676,2024-01-05
ร้อยเอ็ด,21.013663624160937,2024-01-06
ร้อยเอ็ด,20.311468526449413,2024-01-07
ร้อยเอ็ด,24.487397023145316,2024-01-08
ร้อยเอ็ด,32.96884402320499,2024-01-09
ร้อยเอ็ด,27.229121986852604,2024-01-10
ร้อยเอ็ด,23.83720009244183,2024-01-11
ร้อยเอ็ด,26.565092075625603,2024-01-12
ร้อยเอ็ด,20.994554538635914,2024-01-13
ร้อยเอ็ด,13.776191838093167,2024-01-14
ร้อยเอ็ด,10.306729471290595,2024-01-15
ร้อยเอ็ด,14.25054436515097,2024-01-16
ร้อยเอ็ด,20.912934171625068,2024-01-17
ร้อยเอ็ด,25.644836478262448,2024-01-18
ร้อยเอ็ด,32.301331848837165,2024-01-19
ร้อยเอ็ด,34.807759613583436,2024-01-20
ร้อยเอ็ด,37.069304980934206,2024-01-21
ร้อยเอ็ด,37.915366716620156,2024-01-22
ร้อยเอ็ด,11.148262152159457,2024-01-23
ร้อยเอ็ด,8.983999406143965,2024-01-24
ร้อยเอ็ด,10.703728759276599,2024-01-25
ร้อยเอ็ด,13.018393342972598,2024-01-26
ร้อยเอ็ด,18.058579409406548,2024-01-27
ร้อยเอ็ด,14.811238580787737,2024-01-28
ร้อยเอ็ด,20.310819927071673,2024-01-29
ร้อยเอ็ด,32.44624937202669,2024-01-30
ร้อยเอ็ด,51.137895538161025,2024-01-31
ศรีสะเกษ,10.713444221767443,2024-01-01
ศรีสะเกษ,16.000323825617812,2024-01-02
ศรีสะเกษ,13.550008852660623,2024-01-03
ศรีสะเกษ,12.53721563711661,2024-01-04
ศรีสะเกษ,19.690658046219855,2024-01-05
ศรีสะเกษ,22.026781214190333,2024-01-06
ศรีสะเกษ,20.32658027122257,2024-01-07
ศรีสะเกษ,24.00668178391848,2024-01-08
ศรีสะเกษ,32.801369024526814,2024-01-09
ศรีสะเกษ,28.182133012862945,2024-01-10
ศรีสะเกษ,25.738952291936922,2024-01-11
ศรีสะเกษ,31.583341421229836,2024-01-12
ศรีสะเกษ,22.942135988178194,2024-01-13
ศรีสะเกษ,16.46446617622406,2024-01-14
ศรีสะเกษ,13.031296210929646,2024-01-15
ศรีสะเกษ,17.14858123586207,2024-01-16
ศรีสะเกษ,23.947043735933914,2024-01-17
ศรีสะเกษ,25.6163522386891,2024-01-18
ศรีสะเกษ,34.836833263542125,2024-01-19
ศรีสะเกษ,40.4362587744034,2024-01-20
ศรีสะเกษ,43.899693038475526,2024-01-21
ศรีสะเกษ,47.08173661871275,2024-01-22
ศรีสะเกษ,14.517987781976666,2024-01-23
ศรีสะเกษ,9.565549316198538,2024-01-24
ศรีสะเกษ,9.815684674041423,2024-01-25
ศรีสะเกษ,14.214684574576166,2024-01-26
ศรีสะเกษ,20.185984727210975,2024-01-27
ศรีสะเกษ,18.48612956166238,2024-01-28
ศรีสะเกษ,22.478002526813082,2024-01-29
ศรีสะเกษ,40.267221517326526,2024-01-30
ศรีสะเกษ,48.73693547797768,2024-01-31
สุรินทร์,11.140199006647466,2024-01-01
สุรินทร์,18.737501408847624,2024-01-02
สุรินทร์,19.01253093519269,2024-01-03
สุรินทร์,16.055537144978015,2024-01-04
สุรินทร์,19.869517053617873,2024-01-05
สุรินทร์,24.938868771571304,2024-01-06
สุรินทร์,23.972967111250107,2024-01-07
สุรินทร์,28.62826728433597,2024-01-08
สุรินทร์,36.908073509524485,2024-01-09
สุรินทร์,33.44523199882649,2024-01-10
สุรินทร์,31.8445189319696,2024-01-11
สุรินทร์,39.03073550372475,2024-01-12
สุรินทร์,29.656909833562196,2024-01-13
สุรินทร์,22.26731745556977,2024-01-14
สุรินทร์,18.6578884514619,2024-01-15
สุรินทร์,22.15442024381545,2024-01-16
สุรินทร์,26.85849132193615,2024-01-17
สุรินทร์,30.83578388234867,2024-01-18
สุรินทร์,35.05939559215457,2024-01-19
สุรินทร์,40.187340500512335,2024-01-20
สุรินทร์,49.93054730187318,2024-01-21
สุรินทร์,58.22905012526765,2024-01-22
สุรินทร์,17.982939426117515,2024-01-23
สุรินทร์,10.524918218773996,2024-01-24
สุรินทร์,11.844038085439085,2024-01-25
สุรินทร์,17.32246004900357,2024-01-26
สุรินทร์,25.041241548784306,2024-01-27
สุรินทร์,25.062008717513894,2024-01-28
สุรินทร์,24.22236638161323,2024-01-29
สุรินทร์,43.62249066829673,2024-01-30
สุรินทร์,55.06899918401175,2024-01-31
อุดรธานี,18.7545024384046,2024-01-01
อุดรธานี,21.70143496282284,2024-01-02
อุดรธานี,27.242881106335773,2024-01-03
อุดรธานี,12.008970385749308,2024-01-04
อุดรธานี,18.059957373359406,2024-01-05
อุดรธานี,20.905183402825248,2024-01-06
อุดรธานี,22.39557043073293,2024-01-07
อุดรธานี,31.608270050480506,2024-01-08
อุดรธานี,34.585728555369464,2024-01-09
อุดรธานี,35.202895483669465,2024-01-10
อุดรธานี,24.94924122224206,2024-01-11
อุดรธานี,28.931982909842525,2024-01-12
อุดรธานี,20.834670608259845,2024-01-13
อุดรธานี,13.915487620318153,2024-01-14
อุดรธานี,10.607460158567319,2024-01-15
อุดรธานี,12.984219657427268,2024-01-16
อุดรธานี,17.823053890586504,2024-01-17
อุดรธานี,31.336039144304134,2024-01-18
อุดรธานี,38.73487334198254,2024-01-19
อุดรธานี,42.19186133646213,2024-01-20
อุดรธานี,35.414898708551235,2024-01-21
อุดรธานี,36.25270605209911,2024-01-22
อุดรธานี,14.3241431596684,2024-01-23
อุดรธานี,10.379747637020701,2024-01-24
อุดรธานี,14.148445596473234,2024-01-25
อุดรธานี,18.362624051984692,2024-01-26
อุดรธานี,16.81106319730146,2024-01-27
อุดรธานี,16.407064698911192,2024-01-28
อุดรธานี,13.043605245796655,2024-01-29
อุดรธานี,22.538129641137452,2024-01-30
อุดรธานี,33.498078619769956,2024-01-31
เชียงราย,25.935656504594874,2024-01-01
เชียงราย,20.22411465517129,2024-01-02
เชียงราย,20.348049098031478,2024-01-03
เชียงราย,22.033769243412536,2024-01-04
เชียงราย,21.002624999068637,2024-01-05
เชียงราย,19.78257293904065,2024-01-06
เชียงราย,24.314624630869528,2024-01-07
เชียงราย,28.29512293197935,2024-01-08
เชียงราย,23.043389378801898,2024-01-09
เชียงราย,27.407161091074205,2024-01-10
เชียงราย,31.298169218017595,2024-01-11
เชียงราย,31.033513738056858,2024-01-12
เชียงราย,36.74251419734661,2024-01-13
เชียงราย,32.40286805259546,2024-01-14
เชียงราย,28.728943195448803,2024-01-15
เชียงราย,19.696898818471062,2024-01-16
เชียงราย,16.28178973113826,2024-01-17
เชียงราย,16.333240576189027,2024-01-18
เชียงราย,13.117640117289177,2024-01-19
เชียงราย,13.354871912495975,2024-01-20
เชียงราย,15.909301062491144,2024-01-21
เชียงราย,26.060138833114674,2024-01-22
เชียงราย,38.22155245462952,2024-01-23
เชียงราย,38.99160666005297,2024-01-24
เชียงราย,37.787753402830084,2024-01-25
เชียงราย,37.8351481573094,2024-01-26
เชียงราย,25.893898448866043,2024-01-27
เชียงราย,25.77127402052788,2024-01-28
เชียงราย,23.132139655498463,2024-01-29
เชียงราย,22.62914799469488,2024-01-30
เชียงราย,29.441100031901797,2024-01-31
เพชรบุรี,38.397422414007686,2024-01-01
เพชรบุรี,38.83487048415006,2024-01-02
เพชรบุรี,40.21413309384081,2024-01-03
เพชรบุรี,44.68411642320661,2024-01-04
เพชรบุรี,48.165403591963084,2024-01-05
เพชรบุรี,51.0708815813927,2024-01-06
เพชรบุรี,55.57969006749112,2024-01-07
เพชรบุรี,56.89251385209523,2024-01-08
เพชรบุรี,69.85979561212562,2024-01-09
เพชรบุรี,52.36092364575791,2024-01-10
เพชรบุรี,43.254227816666614,2024-01-11
เพชรบุรี,35.44145909393401,2024-01-12
เพชรบุรี,32.59714866143371,2024-01-13
เพชรบุรี,45.39590495371846,2024-01-14
เพชรบุรี,51.69085494809906,2024-01-15
เพชรบุรี,48.05352304749596,2024-01-16
เพชรบุรี,57.160824671025296,2024-01-17
เพชรบุรี,65.51177025585176,2024-01-18
เพชรบุรี,70.27679665404068,2024-01-19
เพชรบุรี,58.017590490766736,2024-01-20
เพชรบุรี,41.577977648021665,2024-01-21
เพชรบุรี,46.04645852732707,2024-01-22
เพชรบุรี,61.21892670034758,2024-01-23
เพชรบุรี,49.87141622764564,2024-01-24
เพชรบุรี,39.791109174162834,2024-01-25
เพชรบุรี,44.34680637262382,2024-01-26
เพชรบุรี,62.30123882722016,2024-01-27
เพชรบุรี,73.30346988988752,2024-01-28
เพชรบุรี,59.244281837711526,2024-01-29
เพชรบุรี,64.01954149941525,2024-01-30
เพชรบุรี,53.0316561576228,2024-01-31
กาญจนบุรี,41.49594064240702,2024-01-01
กาญจนบุรี,37.27670193149993,2024-01-02
กาญจนบุรี,41.43403158370679,2024-01-03
กาญจนบุรี,41.48918517423281,2024-01-04
กาญจนบุรี,45.52327259466096,2024-01-05
กาญจนบุรี,48.56709347288372,2024-01-06
กาญจนบุรี,53.18866368783364,2024-01-07
กาญจนบุรี,55.21857002100807,2024-01-08
กาญจนบุรี,67.50139675965877,2024-01-09
กาญจนบุรี,59.16213981163377,2024-01-10
กาญจนบุรี,53.596377360461965,2024-01-11
กาญจนบุรี,44.87484432025919,2024-01-12
กาญจนบุรี,43.18094395415629,2024-01-13
กาญจนบุรี,46.47069286775398,2024-01-14
กาญจนบุรี,45.24351557962913,2024-01-15
กาญจนบุรี,41.492815640952905,2024-01-16
กาญจนบุรี,50.517863695602614,2024-01-17
กาญจนบุรี,59.50411005054641,2024-01-18
กาญจนบุรี,68.78951761201243,2024-01-19
กาญจนบุรี,58.48586405477365,2024-01-20
กาญจนบุรี,46.730979128491526,2024-01-21
กาญจนบุรี,49.2300533081643,2024-01-22
กาญจนบุรี,69.27879305162035,2024-01-23
กาญจนบุรี,44.37458869006313,2024-01-24
กาญจนบุรี,37.18975141325592,2024-01-25
กาญจนบุรี,40.47074064448868,2024-01-26
กาญจนบุรี,53.18075278808696,2024-01-27
กาญจนบุรี,62.46792078891565,2024-01-28
กาญจนบุรี,51.656772281222494,2024-01-29
กาญจนบุรี,65.97734781210504,2024-01-30
กาญจนบุรี,66.5187106541509,2024-01-31
กาฬสินธุ์,15.633032959644755,2024-01-01
กาฬสินธุ์,23.576571457502137,2024-01-02
กาฬสินธุ์,18.99990536776457,2024-01-03
กาฬสินธุ์,11.390708081016903,2024-01-04
กาฬสินธุ์,19.250986024110297,2024-01-05
กาฬสินธุ์,20.889258446119285,2024-01-06
กาฬสินธุ์,21.323693720168563,2024-01-07
กาฬสินธุ์,27.689306779580605,2024-01-08
กาฬสินธุ์,35.54899219846928,2024-01-09
กาฬสินธุ์,32.00918487810872,2024-01-10
กาฬสินธุ์,25.29132120864772,2024-01-11
กาฬสินธุ์,28.412476973621388,2024-01-12
กาฬสินธุ์,23.832056671306972,2024-01-13
กาฬสินธุ์,16.43766076314544,2024-01-14
กาฬสินธุ์,10.814634133452317,2024-01-15
กาฬสินธุ์,15.525195238893753,2024-01-16
กาฬสินธุ์,20.681528244281303,2024-01-17
กาฬสินธุ์,30.156458407063557,2024-01-18
กาฬสินธุ์,36.872334824700225,2024-01-19
กาฬสินธุ์,41.12030003974413,2024-01-20
กาฬสินธุ์,37.64099911760708,2024-01-21
กาฬสินธุ์,38.04724163264389,2024-01-22
กาฬสินธุ์,12.251482935688738,2024-01-23
กาฬสินธุ์,11.395114700600397,2024-01-24
กาฬสินธุ์,13.571456603906798,2024-01-25
กาฬสินธุ์,16.53784846490007,2024-01-26
กาฬสินธุ์,18.611051544836858,2024-01-27
กาฬสินธุ์,16.37211054106665,2024-01-28
กาฬสินธุ์,18.548271083551743,2024-01-29
กาฬสินธุ์,28.234779529800047,2024-01-30
กาฬสินธุ์,48.90936440352711,2024-01-31
กำแพงเพชร,31.518367843265672,2024-01-01
กำแพงเพชร,26.82176843814199,2024-01-02
กำแพงเพชร,33.460659134447404,2024-01-03
กำแพงเพชร,33.504512503895626,2024-01-04
กำแพงเพชร,33.82160678733873,2024-01-05
กำแพงเพชร,38.39537830200186,2024-01-06
กำแพงเพชร,46.6201856941444,2024-01-07
กำแพงเพชร,47.41928132687371,2024-01-08
กำแพงเพชร,53.17567294500261,2024-01-09
กำแพงเพชร,60.28280429274752,2024-01-10
กำแพงเพชร,65.04079465944075,2024-01-11
กำแพงเพชร,54.151887350861486,2024-01-12
กำแพงเพชร,51.03464039179689,2024-01-13
กำแพงเพชร,37.93446808486804,2024-01-14
กำแพงเพชร,35.68798725639666,2024-01-15
กำแพงเพชร,30.39753009133241,2024-01-16
กำแพงเพชร,36.527836167485276,2024-01-17
กำแพงเพชร,45.460470238017614,2024-01-18
กำแพงเพชร,47.6952727809811,2024-01-19
กำแพงเพชร,38.15384136165008,2024-01-20
กำแพงเพชร,36.308991252905344,2024-01-21
กำแพงเพชร,40.865277628079966,2024-01-22
กำแพงเพชร,53.4543515321561,2024-01-23
กำแพงเพชร,43.16478525401135,2024-01-24
กำแพงเพชร,45.5986793185179,2024-01-25
กำแพงเพชร,43.2356707892082,2024-01-26
กำแพงเพชร,39.21493606516044,2024-01-27
กำแพงเพชร,44.171098485132624,2024-01-28
กำแพงเพชร,30.68128824383116,2024-01-29
กำแพงเพชร,40.64283365104211,2024-01-30
กำแพงเพชร,30.195452103557532,2024-01-31
นครสวรรค์,34.26008240908357,2024-01-01
นครสวรรค์,32.99153552968833,2024-01-02
นครสวรรค์,39.68903876691651,2024-01-03
นครสวรรค์,34.89970819699147,2024-01-04
นครสวรรค์,38.41263076850313,2024-01-05
นครสวรรค์,43.815931771614196,2024-01-06
นครสวรรค์,48.71674104185579,2024-01-07
นครสวรรค์,52.6675570062955,2024-01-08
นครสวรรค์,64.2987672086945,2024-01-09
นครสวรรค์,73.13539061746904,2024-01-10
นครสวรรค์,69.49699395024395,2024-01-11
นครสวรรค์,59.39776709860767,2024-01-12
นครสวรรค์,54.48087147457166,2024-01-13
นครสวรรค์,43.61332807900146,2024-01-14
นครสวรรค์,32.914859491711525,2024-01-15
นครสวรรค์,31.151606821335758,2024-01-16
นครสวรรค์,40.80395110538565,2024-01-17
นครสวรรค์,52.53935417897799,2024-01-18
นครสวรรค์,63.61544664693054,2024-01-19
นครสวรรค์,59.60422080561369,2024-01-20
นครสวรรค์,54.03040315709153,2024-01-21
นครสวรรค์,49.72981051149041,2024-01-22
นครสวรรค์,58.06039160202076,2024-01-23
นครสวรรค์,32.97861346428437,2024-01-24
นครสวรรค์,37.85417638525646,2024-01-25
นครสวรรค์,38.16737578029125,2024-01-26
นครสวรรค์,46.677994094810686,2024-01-27
นครสวรรค์,56.539233068796314,2024-01-28
นครสวรรค์,39.21223300937505,2024-01-29
นครสวรรค์,57.23638400188075,2024-01-30
นครสวรรค์,47.25847177548925,2024-01-31
บุรีรัมย์,16.259115888967862,2024-01-01
บุรีรัมย์,21.8187089291463,2024-01-02
บุรีรัมย์,22.83091676457018,2024-01-03
บุรีรัมย์,19.73816934310953,2024-01-04
บุรีรัมย์,22.743721697899073,2024-01-05
บุรีรัมย์,26.71140022332619,2024-01-06
บุรีรัมย์,27.40492576450099,2024-01-07
บุรีรัมย์,30.98737730153145,2024-01-08
บุรีรัมย์,38.711057845260385,2024-01-09
บุรีรัมย์,36.48625509865706,2024-01-10
บุรีรัมย์,35.21158989504764,2024-01-11
บุรีรัมย์,40.73320066049321,2024-01-12
บุรีรัมย์,34.30728752263546,2024-01-13
บุรีรัมย์,28.440760981509893,2024-01-14
บุรีรัมย์,22.437540378963664,2024-01-15
บุรีรัมย์,25.30341715589693,2024-01-16
บุรีรัมย์,30.557813308347903,2024-01-17
บุรีรัมย์,34.88473328445368,2024-01-18
บุรีรัมย์,37.76463322523528,2024-01-19
บุรีรัมย์,42.054183275832365,2024-01-20
บุรีรัมย์,51.49371698573065,2024-01-21
บุรีรัมย์,63.60786006496676,2024-01-22
บุรีรัมย์,27.150023551633083,2024-01-23
บุรีรัมย์,14.025147755837265,2024-01-24
บุรีรัมย์,16.702795937675187,2024-01-25
บุรีรัมย์,22.85232499456997,2024-01-26
บุรีรัมย์,31.254557039519774,2024-01-27
บุรีรัมย์,33.4814956734223,2024-01-28
บุรีรัมย์,28.60617374811924,2024-01-29
บุรีรัมย์,46.2599457284149,2024-01-30
บุรีรัมย์,58.973307542701804,2024-01-31
มหาสารคาม,14.796810455249018,2024-01-01
มหาสารคาม,23.486219389343194,2024-01-02
มหาสารคาม,23.267983776195372,2024-01-03
มหาสารคาม,14.113299805762354,2024-01-04
มหาสารคาม,20.666796972215202,2024-01-05
มหาสารคาม,24.14446001234425,2024-01-06
มหาสารคาม,24.780138505205695,2024-01-07
มหาสารคาม,30.957991731555808,2024-01-08
มหาสารคาม,39.293768498393376,2024-01-09
มหาสารคาม,35.497669963922455,2024-01-10
มหาสารคาม,28.634611866954373,2024-01-11
มหาสารคาม,31.276503757375934,2024-01-12
มหาสารคาม,26.853733976485202,2024-01-13
มหาสารคาม,20.003153374213497,2024-01-14
มหาสารคาม,12.909379067982135,2024-01-15
มหาสารคาม,17.038669057124046,2024-01-16
มหาสารคาม,22.999939344438417,2024-01-17
มหาสารคาม,31.8919083204839,2024-01-18
มหาสารคาม,39.103192322189244,2024-01-19
มหาสารคาม,40.41926038783728,2024-01-20
มหาสารคาม,42.05014755867327,2024-01-21
มหาสารคาม,45.093950580107226,2024-01-22
มหาสารคาม,16.435026368069742,2024-01-23
มหาสารคาม,11.379259817055805,2024-01-24
มหาสารคาม,14.79034577032991,2024-01-25
มหาสารคาม,17.66050779806727,2024-01-26
มหาสารคาม,22.646661444945586,2024-01-27
มหาสารคาม,20.64008328749629,2024-01-28
มหาสารคาม,21.514559747546596,2024-01-29
มหาสารคาม,33.86502412316979,2024-01-30
มหาสารคาม,55.48822544357801,2024-01-31
สมุทรสาคร,54.05967068844946,2024-01-01
สมุทรสาคร,50.51047844065127,2024-01-02
สมุทรสาคร,56.90033067738567,2024-01-03
สมุทรสาคร,58.761240108828886,2024-01-04
สมุทรสาคร,61.2398246854177,2024-01-05
สมุทรสาคร,64.09464095355884,2024-01-06
สมุทรสาคร,69.62011153866077,2024-01-07
สมุทรสาคร,70.6201311646875,2024-01-08
สมุทรสาคร,89.82808612953419,2024-01-09
สมุทรสาคร,58.28971234769866,2024-01-10
สมุทรสาคร,40.062328073529685,2024-01-11
สมุทรสาคร,32.12364058165571,2024-01-12
สมุทรสาคร,28.747617608506648,2024-01-13
สมุทรสาคร,51.98417700617125,2024-01-14
สมุทรสาคร,63.750350336066774,2024-01-15
สมุทรสาคร,63.4933941587836,2024-01-16
สมุทรสาคร,71.40240508230288,2024-01-17
สมุทรสาคร,87.24149651106147,2024-01-18
สมุทรสาคร,92.26296516000745,2024-01-19
สมุทรสาคร,66.76292988666087,2024-01-20
สมุทรสาคร,45.56225925430307,2024-01-21
สมุทรสาคร,57.81461101263997,2024-01-22
สมุทรสาคร,76.83096858397828,2024-01-23
สมุทรสาคร,60.440765200539445,2024-01-24
สมุทรสาคร,44.541303616484456,2024-01-25
สมุทรสาคร,53.50726367461807,2024-01-26
สมุทรสาคร,68.43055156524734,2024-01-27
สมุทรสาคร,77.68492268951005,2024-01-28
สมุทรสาคร,59.01458389112689,2024-01-29
สมุทรสาคร,80.85334564964384,2024-01-30
สมุทรสาคร,95.32425031114295,2024-01-31
สิงห์บุรี,35.70548364296779,2024-01-01
สิงห์บุรี,39.25273755603172,2024-01-02
สิงห์บุรี,41.416087882781945,2024-01-03
สิงห์บุรี,36.27466397050674,2024-01-04
สิงห์บุรี,43.78275224735713,2024-01-05
สิงห์บุรี,50.537101590737755,2024-01-06
สิงห์บุรี,56.59927138372216,2024-01-07
สิงห์บุรี,62.295087225867896,2024-01-08
สิงห์บุรี,78.42876075228862,2024-01-09
สิงห์บุรี,85.5927950049777,2024-01-10
สิงห์บุรี,77.98987210249257,2024-01-11
สิงห์บุรี,73.9485024060531,2024-01-12
สิงห์บุรี,59.31105917614218,2024-01-13
สิงห์บุรี,52.321629328228504,2024-01-14
สิงห์บุรี,36.062720089168764,2024-01-15
สิงห์บุรี,32.385429577280256,2024-01-16
สิงห์บุรี,44.84216250016827,2024-01-17
สิงห์บุรี,62.063132163484305,2024-01-18
สิงห์บุรี,81.73132736314221,2024-01-19
สิงห์บุรี,86.89307294524559,2024-01-20
สิงห์บุรี,76.32516273565959,2024-01-21
สิงห์บุรี,61.5935722037611,2024-01-22
สิงห์บุรี,64.3350816192425,2024-01-23
สิงห์บุรี,26.39998645402984,2024-01-24
สิงห์บุรี,29.56513254617241,2024-01-25
สิงห์บุรี,34.136638661924444,2024-01-26
สิงห์บุรี,46.69049496388308,2024-01-27
สิงห์บุรี,62.73550231813704,2024-01-28
สิงห์บุรี,44.75618075926112,2024-01-29
สิงห์บุรี,65.74045810851125,2024-01-30
สิงห์บุรี,56.643608484388146,2024-01-31
อุตรดิตถ์,28.084254937104454,2024-01-01
อุตรดิตถ์,23.85202138319652,2024-01-02
อุตรดิตถ์,27.02221205617171,2024-01-03
อุตรดิตถ์,26.04912251371778,2024-01-04
อุตรดิตถ์,24.415653448688253,2024-01-05
อุตรดิตถ์,28.413609104301965,2024-01-06
อุตรดิตถ์,38.47179937327553,2024-01-07
อุตรดิตถ์,43.31711364170008,2024-01-08
อุตรดิตถ์,47.087788106760485,2024-01-09
อุตรดิตถ์,53.864203595291265,2024-01-10
อุตรดิตถ์,61.28117493412307,2024-01-11
อุตรดิตถ์,59.21520914265046,2024-01-12
อุตรดิตถ์,57.451776531594675,2024-01-13
อุตรดิตถ์,35.83360460662092,2024-01-14
อุตรดิตถ์,31.134402020330842,2024-01-15
อุตรดิตถ์,25.323569845154527,2024-01-16
อุตรดิตถ์,26.141786234702263,2024-01-17
อุตรดิตถ์,35.28249550136345,2024-01-18
อุตรดิตถ์,38.406522147964374,2024-01-19
อุตรดิตถ์,34.00164342166193,2024-01-20
อุตรดิตถ์,33.646152286593065,2024-01-21
อุตรดิตถ์,41.965578826718684,2024-01-22
อุตรดิตถ์,50.234319753851906,2024-01-23
อุตรดิตถ์,41.7160449465618,2024-01-24
อุตรดิตถ์,38.29187101400408,2024-01-25
อุตรดิตถ์,38.10306356968913,2024-01-26
อุตรดิตถ์,31.51405269320712,2024-01-27
อุตรดิตถ์,30.83753273839347,2024-01-28
อุตรดิตถ์,22.036542886541074,2024-01-29
อุตรดิตถ์,28.97433914536218,2024-01-30
อุตรดิตถ์,30.3103823205043,2024-01-31
อุทัยธานี,36.14113839983826,2024-01-01
อุทัยธานี,34.56530547446181,2024-01-02
อุทัยธานี,40.086624615620224,2024-01-03
อุทัยธานี,36.94016278430292,2024-01-04
อุทัยธานี,40.133775276134635,2024-01-05
อุทัยธานี,45.144699402388234,2024-01-06
อุทัยธานี,49.817071074850425,2024-01-07
อุทัยธานี,54.12987704445393,2024-01-08
อุทัยธานี,66.12097348310269,2024-01-09
อุทัยธานี,69.79644423271405,2024-01-10
อุทัยธานี,65.04750335634532,2024-01-11
อุทัยธานี,56.0353610335936,2024-01-12
อุทัยธานี,52.361291469526954,2024-01-13
อุทัยธานี,45.73139757478377,2024-01-14
อุทัยธานี,36.91581322992972,2024-01-15
อุทัยธานี,34.451270878064825,2024-01-16
อุทัยธานี,43.5475594115046,2024-01-17
อุทัยธานี,54.128345767635516,2024-01-18
อุทัยธานี,64.74574305544769,2024-01-19
อุทัยธานี,60.508584877373096,2024-01-20
อุทัยธานี,52.99266390710885,2024-01-21
อุทัยธานี,49.391763890096684,2024-01-22
อุทัยธานี,59.63165038167647,2024-01-23
อุทัยธานี,36.0393646153825,2024-01-24
อุทัยธานี,38.762007641916824,2024-01-25
อุทัยธานี,40.995485202465225,2024-01-26
อุทัยธานี,49.47642966569251,2024-01-27
อุทัยธานี,58.539869139047155,2024-01-28
อุทัยธานี,43.38158304764855,2024-01-29
อุทัยธานี,60.51566464521318,2024-01-30
อุทัยธานี,52.89657906855826,2024-01-31
เชียงใหม่,18.5213258767393,2024-01-01
เชียงใหม่,13.038057368996132,2024-01-02
เชียงใหม่,14.737761715566663,2024-01-03
เชียงใหม่,15.80285928375499,2024-01-04
เชียงใหม่,16.237763585604238,2024-01-05
เชียงใหม่,16.898658470235894,2024-01-06
เชียงใหม่,19.26040543801418,2024-01-07
เชียงใหม่,22.512140713557763,2024-01-08
เชียงใหม่,17.79801511554521,2024-01-09
เชียงใหม่,18.83035750906373,2024-01-10
เชียงใหม่,20.369457201131826,2024-01-11
เชียงใหม่,17.931714292230527,2024-01-12
เชียงใหม่,18.59015411014648,2024-01-13
เชียงใหม่,24.164563642160036,2024-01-14
เชียงใหม่,25.78147036910905,2024-01-15
เชียงใหม่,17.65376138990265,2024-01-16
เชียงใหม่,14.66229111143215,2024-01-17
เชียงใหม่,14.710502530485405,2024-01-18
เชียงใหม่,12.596376378460759,2024-01-19
เชียงใหม่,13.159941294774923,2024-01-20
เชียงใหม่,14.376679346787782,2024-01-21
เชียงใหม่,25.323700399502997,2024-01-22
เชียงใหม่,30.671310883962587,2024-01-23
เชียงใหม่,36.09260238468084,2024-01-24
เชียงใหม่,36.88897572399715,2024-01-25
เชียงใหม่,33.186378156516426,2024-01-26
เชียงใหม่,22.969032476183514,2024-01-27
เชียงใหม่,24.347830896093107,2024-01-28
เชียงใหม่,23.568111056061678,2024-01-29
เชียงใหม่,17.67650296370083,2024-01-30
เชียงใหม่,12.227080449402893,2024-01-31
เพชรบูรณ์,31.052632384569993,2024-01-01
เพชรบูรณ์,26.91874399982783,2024-01-02
เพชรบูรณ์,31.81494151135073,2024-01-03
เพชรบูรณ์,27.089344906439834,2024-01-04
เพชรบูรณ์,28.66865859004273,2024-01-05
เพชรบูรณ์,32.52651473820667,2024-01-06
เพชรบูรณ์,37.63296907054064,2024-01-07
เพชรบูรณ์,40.6816916741429,2024-01-08
เพชรบูรณ์,50.47745994371106,2024-01-09
เพชรบูรณ์,53.732896632028684,2024-01-10
เพชรบูรณ์,51.479395891786,2024-01-11
เพชรบูรณ์,48.61432862288106,2024-01-12
เพชรบูรณ์,43.72825882267029,2024-01-13
เพชรบูรณ์,32.76646672723775,2024-01-14
เพชรบูรณ์,26.31456601002046,2024-01-15
เพชรบูรณ์,25.63820641367678,2024-01-16
เพชรบูรณ์,33.71811399386269,2024-01-17
เพชรบูรณ์,41.853858601432485,2024-01-18
เพชรบูรณ์,48.46636063902436,2024-01-19
เพชรบูรณ์,47.37671117996854,2024-01-20
เพชรบูรณ์,50.116995777926725,2024-01-21
เพชรบูรณ์,50.42021522112406,2024-01-22
เพชรบูรณ์,47.34235698645975,2024-01-23
เพชรบูรณ์,28.64627510680215,2024-01-24
เพชรบูรณ์,31.80788055039805,2024-01-25
เพชรบูรณ์,30.62908522655497,2024-01-26
เพชรบูรณ์,36.00991787299608,2024-01-27
เพชรบูรณ์,43.35273219586277,2024-01-28
เพชรบูรณ์,32.69601912572184,2024-01-29
เพชรบูรณ์,44.527467360533294,2024-01-30
เพชรบูรณ์,47.07744956455112,2024-01-31
ฉะเชิงเทรา,33.94908208526977,2024-01-01
ฉะเชิงเทรา,31.80203498414453,2024-01-02
ฉะเชิงเทรา,34.634347746493226,2024-01-03
ฉะเชิงเทรา,37.247473801123874,2024-01-04
ฉะเชิงเทรา,36.90301367767147,2024-01-05
ฉะเชิงเทรา,39.89247952947641,2024-01-06
ฉะเชิงเทรา,43.83257349555431,2024-01-07
ฉะเชิงเทรา,48.250275682165345,2024-01-08
ฉะเชิงเทรา,64.8531934202112,2024-01-09
ฉะเชิงเทรา,59.720350636074684,2024-01-10
ฉะเชิงเทรา,47.49777176479012,2024-01-11
ฉะเชิงเทรา,39.25793197772503,2024-01-12
ฉะเชิงเทรา,41.18498213996349,2024-01-13
ฉะเชิงเทรา,48.82880486962427,2024-01-14
ฉะเชิงเทรา,44.30680554463331,2024-01-15
ฉะเชิงเทรา,45.81834083253623,2024-01-16
ฉะเชิงเทรา,55.722904450829375,2024-01-17
ฉะเชิงเทรา,59.54674085738036,2024-01-18
ฉะเชิงเทรา,67.90894206233031,2024-01-19
ฉะเชิงเทรา,61.40075563697861,2024-01-20
ฉะเชิงเทรา,51.8786696732913,2024-01-21
ฉะเชิงเทรา,53.97549201091817,2024-01-22
ฉะเชิงเทรา,60.00729721198578,2024-01-23
ฉะเชิงเทรา,35.00821041946684,2024-01-24
ฉะเชิงเทรา,30.861678204364402,2024-01-25
ฉะเชิงเทรา,36.821756958384775,2024-01-26
ฉะเชิงเทรา,54.12968618601204,2024-01-27
ฉะเชิงเทรา,62.08336869089593,2024-01-28
ฉะเชิงเทรา,47.685879632296725,2024-01-29
ฉะเชิงเทรา,63.060133011531676,2024-01-30
ฉะเชิงเทรา,68.79978113208894,2024-01-31
นครราชสีมา,25.94605220651397,2024-01-01
นครราชสีมา,29.006072410860636,2024-01-02
นครราชสีมา,32.226700143284035,2024-01-03
นครราชสีมา,29.100038443345234,2024-01-04
นครราชสีมา,32.28046467132605,2024-01-05
นครราชสีมา,35.17458985099693,2024-01-06
นครราชสีมา,37.142924547482146,2024-01-07
นครราชสีมา,42.16391925409326,2024-01-08
นครราชสีมา,53.80950723447687,2024-01-09
นครราชสีมา,50.63858899434242,2024-01-10
นครราชสีมา,44.91246149840433,2024-01-11
นครราชสีมา,44.02214685821704,2024-01-12
นครราชสีมา,40.883626976250554,2024-01-13
นครราชสีมา,36.367894012095014,2024-01-14
นครราชสีมา,30.399239450277495,2024-01-15
นครราชสีมา,31.594753758399154,2024-01-16
นครราชสีมา,37.66412393117715,2024-01-17
นครราชสีมา,47.2706277966361,2024-01-18
นครราชสีมา,53.87391811518814,2024-01-19
นครราชสีมา,52.232809708979076,2024-01-20
นครราชสีมา,53.63399651945415,2024-01-21
นครราชสีมา,58.22626071387196,2024-01-22
นครราชสีมา,44.487189304124136,2024-01-23
นครราชสีมา,22.411367160038708,2024-01-24
นครราชสีมา,25.113678398122065,2024-01-25
นครราชสีมา,31.220870881050214,2024-01-26
นครราชสีมา,39.72154935319328,2024-01-27
นครราชสีมา,44.45010768523305,2024-01-28
นครราชสีมา,36.834323708936466,2024-01-29
นครราชสีมา,52.98001364248145,2024-01-30
นครราชสีมา,63.48201542579051,2024-01-31
ปราจีนบุรี,32.36258814622443,2024-01-01
ปราจีนบุรี,29.862758159404937,2024-01-02
ปราจีนบุรี,35.257882032924954,2024-01-03
ปราจีนบุรี,38.01493133040083,2024-01-04
ปราจีนบุรี,37.44331031718598,2024-01-05
ปราจีนบุรี,38.21427608769068,2024-01-06
ปราจีนบุรี,41.894809733508055,2024-01-07
ปราจีนบุรี,46.340289780966025,2024-01-08
ปราจีนบุรี,61.43753069446879,2024-01-09
ปราจีนบุรี,58.382871297056326,2024-01-10
ปราจีนบุรี,50.777720053362636,2024-01-11
ปราจีนบุรี,46.626500782559376,2024-01-12
ปราจีนบุรี,51.005407270725115,2024-01-13
ปราจีนบุรี,49.39170090418693,2024-01-14
ปราจีนบุรี,41.171569272043556,2024-01-15
ปราจีนบุรี,40.516982796030554,2024-01-16
ปราจีนบุรี,48.41137927193476,2024-01-17
ปราจีนบุรี,56.74558895433202,2024-01-18
ปราจีนบุรี,61.97779911230035,2024-01-19
ปราจีนบุรี,62.257125709114604,2024-01-20
ปราจีนบุรี,59.39302166372022,2024-01-21
ปราจีนบุรี,62.320928951380424,2024-01-22
ปราจีนบุรี,61.31151457998573,2024-01-23
ปราจีนบุรี,32.76658083020116,2024-01-24
ปราจีนบุรี,29.66773636723912,2024-01-25
ปราจีนบุรี,36.38045622391435,2024-01-26
ปราจีนบุรี,51.602095111090456,2024-01-27
ปราจีนบุรี,58.94433529697496,2024-01-28
ปราจีนบุรี,44.74773879131243,2024-01-29
ปราจีนบุรี,61.06633990144939,2024-01-30
ปราจีนบุรี,70.07285325386106,2024-01-31
สุพรรณบุรี,38.95682367820651,2024-01-01
สุพรรณบุรี,41.129981460233175,2024-01-02
สุพรรณบุรี,42.48091222190945,2024-01-03
สุพรรณบุรี,41.554697998181325,2024-01-04
สุพรรณบุรี,46.84107313187205,2024-01-05
สุพรรณบุรี,52.093226669607986,2024-01-06
สุพรรณบุรี,55.28445669126097,2024-01-07
สุพรรณบุรี,57.67784355263514,2024-01-08
สุพรรณบุรี,71.26395929479102,2024-01-09
สุพรรณบุรี,68.68185828340162,2024-01-10
สุพรรณบุรี,58.085909389575114,2024-01-11
สุพรรณบุรี,51.40506471594932,2024-01-12
สุพรรณบุรี,45.94573342504409,2024-01-13
สุพรรณบุรี,48.85000905117295,2024-01-14
สุพรรณบุรี,39.27599226200233,2024-01-15
สุพรรณบุรี,40.20467646102679,2024-01-16
สุพรรณบุรี,50.02355301516698,2024-01-17
สุพรรณบุรี,62.49008500482969,2024-01-18
สุพรรณบุรี,74.31515420143435,2024-01-19
สุพรรณบุรี,68.97153023534132,2024-01-20
สุพรรณบุรี,56.06707975219562,2024-01-21
สุพรรณบุรี,55.36020403087056,2024-01-22
สุพรรณบุรี,70.65889878801202,2024-01-23
สุพรรณบุรี,36.161189612095804,2024-01-24
สุพรรณบุรี,33.77265819001428,2024-01-25
สุพรรณบุรี,38.300870022055996,2024-01-26
สุพรรณบุรี,52.99556702965359,2024-01-27
สุพรรณบุรี,63.53566773404307,2024-01-28
สุพรรณบุรี,49.90148042499156,2024-01-29
สุพรรณบุรี,70.92194426791804,2024-01-30
สุพรรณบุรี,60.69461761051313,2024-01-31
อำนาจเจริญ,8.96313364498262,2024-01-01
อำนาจเจริญ,18.554461101843238,2024-01-02
อำนาจเจริญ,10.39897843750269,2024-01-03
อำนาจเจริญ,9.614039133442361,2024-01-04
อำนาจเจริญ,16.01506015853741,2024-01-05
อำนาจเจริญ,18.3259045720345,2024-01-06
อำนาจเจริญ,15.15774464659132,2024-01-07
อำนาจเจริญ,16.644010856036445,2024-01-08
อำนาจเจริญ,21.25146413032892,2024-01-09
อำนาจเจริญ,17.854545745430162,2024-01-10
อำนาจเจริญ,18.568631275532155,2024-01-11
อำนาจเจริญ,19.075989341451695,2024-01-12
อำนาจเจริญ,14.69740967406552,2024-01-13
อำนาจเจริญ,10.892827171157533,2024-01-14
อำนาจเจริญ,8.59073086546578,2024-01-15
อำนาจเจริญ,11.676167747715317,2024-01-16
อำนาจเจริญ,15.228055971031155,2024-01-17
อำนาจเจริญ,16.79725446778476,2024-01-18
อำนาจเจริญ,21.411898834971744,2024-01-19
อำนาจเจริญ,29.42040347504462,2024-01-20
อำนาจเจริญ,28.388647247325522,2024-01-21
อำนาจเจริญ,26.74103471832398,2024-01-22
อำนาจเจริญ,9.55547037736831,2024-01-23
อำนาจเจริญ,8.658085533055756,2024-01-24
อำนาจเจริญ,9.24334351538541,2024-01-25
อำนาจเจริญ,10.274283933048102,2024-01-26
อำนาจเจริญ,13.678918565439623,2024-01-27
อำนาจเจริญ,11.108697862117497,2024-01-28
อำนาจเจริญ,23.611354328486197,2024-01-29
อำนาจเจริญ,26.983534440182744,2024-01-30
อำนาจเจริญ,48.35125380555376,2024-01-31
แม่ฮ่องสอน,15.286777015273517,2024-01-01
แม่ฮ่องสอน,12.554207379667671,2024-01-02
แม่ฮ่องสอน,12.825099896384835,2024-01-03
แม่ฮ่องสอน,12.816753919988553,2024-01-04
แม่ฮ่องสอน,13.404949216806598,2024-01-05
แม่ฮ่องสอน,16.430778305336176,2024-01-06
แม่ฮ่องสอน,15.34200644733681,2024-01-07
แม่ฮ่องสอน,17.28817504925063,2024-01-08
แม่ฮ่องสอน,17.000139661975204,2024-01-09
แม่ฮ่องสอน,17.52163891562589,2024-01-10
แม่ฮ่องสอน,19.129631082663234,2024-01-11
แม่ฮ่องสอน,17.79796865963353,2024-01-12
แม่ฮ่องสอน,16.246432675318115,2024-01-13
แม่ฮ่องสอน,17.389276130863976,2024-01-14
แม่ฮ่องสอน,21.630003504214013,2024-01-15
แม่ฮ่องสอน,18.763701232429334,2024-01-16
แม่ฮ่องสอน,14.13419378432024,2024-01-17
แม่ฮ่องสอน,13.488614331518841,2024-01-18
แม่ฮ่องสอน,11.797782516141236,2024-01-19
แม่ฮ่องสอน,12.009168635799064,2024-01-20
แม่ฮ่องสอน,15.78497288410644,2024-01-21
แม่ฮ่องสอน,26.607946160055945,2024-01-22
แม่ฮ่องสอน,29.70980867662712,2024-01-23
แม่ฮ่องสอน,30.196706323520146,2024-01-24
แม่ฮ่องสอน,30.767493027672053,2024-01-25
แม่ฮ่องสอน,30.279266649517677,2024-01-26
แม่ฮ่องสอน,18.657398367693947,2024-01-27
แม่ฮ่องสอน,18.822205003936812,2024-01-28
แม่ฮ่องสอน,21.691717024022815,2024-01-29
แม่ฮ่องสอน,14.962123810264345,2024-01-30
แม่ฮ่องสอน,12.218829837388306,2024-01-31
สมุทรปราการ,40.78765686596995,2024-01-01
สมุทรปราการ,37.89717468297072,2024-01-02
สมุทรปราการ,37.50290506131288,2024-01-03
สมุทรปราการ,45.72128343219804,2024-01-04
สมุทรปราการ,40.386978516756756,2024-01-05
สมุทรปราการ,45.28385754779288,2024-01-06
สมุทรปราการ,48.665875608740585,2024-01-07
สมุทรปราการ,50.61926340270741,2024-01-08
สมุทรปราการ,71.79525594041833,2024-01-09
สมุทรปราการ,50.55547310477229,2024-01-10
สมุทรปราการ,36.420059391997505,2024-01-11
สมุทรปราการ,27.040039199575972,2024-01-12
สมุทรปราการ,32.0819780703404,2024-01-13
สมุทรปราการ,44.548703461360674,2024-01-14
สมุทรปราการ,42.531369378205255,2024-01-15
สมุทรปราการ,46.33728578923478,2024-01-16
สมุทรปราการ,59.93956282757649,2024-01-17
สมุทรปราการ,68.69724641104389,2024-01-18
สมุทรปราการ,77.63189379692734,2024-01-19
สมุทรปราการ,63.37333027671624,2024-01-20
สมุทรปราการ,39.95640520377269,2024-01-21
สมุทรปราการ,47.82041398450895,2024-01-22
สมุทรปราการ,64.78143785054706,2024-01-23
สมุทรปราการ,44.606083169609526,2024-01-24
สมุทรปราการ,36.01767464501877,2024-01-25
สมุทรปราการ,45.567555520402344,2024-01-26
สมุทรปราการ,60.33421392698914,2024-01-27
สมุทรปราการ,72.4935905306345,2024-01-28
สมุทรปราการ,53.952709397487865,2024-01-29
สมุทรปราการ,75.35954555769311,2024-01-30
สมุทรปราการ,83.54994240165829,2024-01-31
สมุทรสงคราม,44.63647964847397,2024-01-01
สมุทรสงคราม,44.76406843420267,2024-01-02
สมุทรสงคราม,52.729956959060374,2024-01-03
สมุทรสงคราม,59.22918268021002,2024-01-04
สมุทรสงคราม,69.40673574340795,2024-01-05
สมุทรสงคราม,75.52807304110028,2024-01-06
สมุทรสงคราม,81.86785544251939,2024-01-07
สมุทรสงคราม,78.36200166819329,2024-01-08
สมุทรสงคราม,91.53493345305493,2024-01-09
สมุทรสงคราม,66.54123958970467,2024-01-10
สมุทรสงคราม,50.81575228271176,2024-01-11
สมุทรสงคราม,44.7407057639501,2024-01-12
สมุทรสงคราม,35.281702848552605,2024-01-13
สมุทรสงคราม,60.394983102125316,2024-01-14
สมุทรสงคราม,70.72225880693435,2024-01-15
สมุทรสงคราม,65.55781349688743,2024-01-16
สมุทรสงคราม,74.28500931105812,2024-01-17
สมุทรสงคราม,91.53616580441182,2024-01-18
สมุทรสงคราม,89.43608626101334,2024-01-19
สมุทรสงคราม,68.90945470814093,2024-01-20
สมุทรสงคราม,47.00115600595187,2024-01-21
สมุทรสงคราม,58.99891950224099,2024-01-22
สมุทรสงคราม,78.70956097879301,2024-01-23
สมุทรสงคราม,69.34941638548274,2024-01-24
สมุทรสงคราม,47.53167810134922,2024-01-25
สมุทรสงคราม,50.104189856376266,2024-01-26
สมุทรสงคราม,74.21946724378847,2024-01-27
สมุทรสงคราม,82.02535188227029,2024-01-28
สมุทรสงคราม,60.63313259266318,2024-01-29
สมุทรสงคราม,66.58636345817337,2024-01-30
สมุทรสงคราม,48.873962638316534,2024-01-31
หนองบัวลำภู,18.198084406505405,2024-01-01
หนองบัวลำภู,19.235659385718336,2024-01-02
หนองบัวลำภู,22.565269780470725,2024-01-03
หนองบัวลำภู,12.610075780027616,2024-01-04
หนองบัวลำภู,18.460444062289266,2024-01-05
หนองบัวลำภู,18.707477609716374,2024-01-06
หนองบัวลำภู,21.680714830582083,2024-01-07
หนองบัวลำภู,30.356042217007094,2024-01-08
หนองบัวลำภู,32.408856320214646,2024-01-09
หนองบัวลำภู,34.83515871922182,2024-01-10
หนองบัวลำภู,29.704716219492692,2024-01-11
หนองบัวลำภู,33.778597783625486,2024-01-12
หนองบัวลำภู,23.609130421850626,2024-01-13
หนองบัวลำภู,15.053762736581684,2024-01-14
หนองบัวลำภู,11.253396766825777,2024-01-15
หนองบัวลำภู,12.069995865712189,2024-01-16
หนองบัวลำภู,15.422169336018593,2024-01-17
หนองบัวลำภู,25.956237643423087,2024-01-18
หนองบัวลำภู,32.159100171409555,2024-01-19
หนองบัวลำภู,38.77898748524269,2024-01-20
หนองบัวลำภู,37.45926065473619,2024-01-21
หนองบัวลำภู,42.44422833717422,2024-01-22
หนองบัวลำภู,16.86672517193169,2024-01-23
หนองบัวลำภู,11.213822986265479,2024-01-24
หนองบัวลำภู,15.302109592264989,2024-01-25
หนองบัวลำภู,18.138530591249644,2024-01-26
หนองบัวลำภู,16.668911521008962,2024-01-27
หนองบัวลำภู,17.885352896632813,2024-01-28
หนองบัวลำภู,12.022578641261571,2024-01-29
หนองบัวลำภู,21.431328049557994,2024-01-30
หนองบัวลำภู,30.366323382336773,2024-01-31
อุบลราชธานี,11.162962827420486,2024-01-01
อุบลราชธานี,20.212846261271196,2024-01-02
อุบลราชธานี,14.584070205288192,2024-01-03
อุบลราชธานี,14.170260974193958,2024-01-04
อุบลราชธานี,23.515793325129277,2024-01-05
อุบลราชธานี,23.354419044164217,2024-01-06
อุบลราชธานี,23.212700925851248,2024-01-07
อุบลราชธานี,26.61085309558397,2024-01-08
อุบลราชธานี,35.441484451977466,2024-01-09
อุบลราชธานี,29.69993252423186,2024-01-10
อุบลราชธานี,29.00745853205004,2024-01-11
อุบลราชธานี,32.12875021988702,2024-01-12
อุบลราชธานี,24.78497681706534,2024-01-13
อุบลราชธานี,18.05428804464627,2024-01-14
อุบลราชธานี,13.489197366653471,2024-01-15
อุบลราชธานี,17.135971095131108,2024-01-16
อุบลราชธานี,25.21994420127491,2024-01-17
อุบลราชธานี,26.805487836243216,2024-01-18
อุบลราชธานี,35.12986950171681,2024-01-19
อุบลราชธานี,44.59459552640156,2024-01-20
อุบลราชธานี,41.47830857251518,2024-01-21
อุบลราชธานี,45.25638465080707,2024-01-22
อุบลราชธานี,13.829370407420365,2024-01-23
อุบลราชธานี,9.79247202250706,2024-01-24
อุบลราชธานี,10.50619215417334,2024-01-25
อุบลราชธานี,13.671706081125215,2024-01-26
อุบลราชธานี,22.398145514033125,2024-01-27
อุบลราชธานี,18.990883278260082,2024-01-28
อุบลราชธานี,26.574975175060757,2024-01-29
อุบลราชธานี,39.63312110707727,2024-01-30
อุบลราชธานี,53.97241852053034,2024-01-31
สุราษฎร์ธานี,22.269721601390415,2024-01-01
สุราษฎร์ธานี,18.39601351216051,2024-01-02
สุราษฎร์ธานี,14.96828024159119,2024-01-03
สุราษฎร์ธานี,18.081805932715106,2024-01-04
สุราษฎร์ธานี,21.82073012355234,2024-01-05
สุราษฎร์ธานี,24.866424924362956,2024-01-06
สุราษฎร์ธานี,22.9419035336965,2024-01-07
สุราษฎร์ธานี,22.687808141313212,2024-01-08
สุราษฎร์ธานี,19.194969683650754,2024-01-09
สุราษฎร์ธานี,25.0614951009244,2024-01-10
สุราษฎร์ธานี,21.716845163386175,2024-01-11
สุราษฎร์ธานี,20.549552279636433,2024-01-12
สุราษฎร์ธานี,22.838191522508207,2024-01-13
สุราษฎร์ธานี,22.793718361302684,2024-01-14
สุราษฎร์ธานี,25.813823302094498,2024-01-15
สุราษฎร์ธานี,24.818405584275194,2024-01-16
สุราษฎร์ธานี,24.715802631945273,2024-01-17
สุราษฎร์ธานี,22.129105728535148,2024-01-18
สุราษฎร์ธานี,23.792698124448627,2024-01-19
สุราษฎร์ธานี,26.250874234781325,2024-01-20
สุราษฎร์ธานี,25.045039441605155,2024-01-21
สุราษฎร์ธานี,21.294922415705898,2024-01-22
สุราษฎร์ธานี,12.237047653287785,2024-01-23
สุราษฎร์ธานี,16.521701644638487,2024-01-24
สุราษฎร์ธานี,15.196821521307331,2024-01-25
สุราษฎร์ธานี,16.690371280854414,2024-01-26
สุราษฎร์ธานี,20.036374950353505,2024-01-27
สุราษฎร์ธานี,19.353972943662075,2024-01-28
สุราษฎร์ธานี,20.51217834005241,2024-01-29
สุราษฎร์ธานี,21.575753014219863,2024-01-30
สุราษฎร์ธานี,22.219128811818617,2024-01-31
กรุงเทพมหานคร,39.60502176236861,2024-01-01
กรุงเทพมหานคร,40.07632527082789,2024-01-02
กรุงเทพมหานคร,39.845127806422546,2024-01-03
กรุงเทพมหานคร,45.05717449414064,2024-01-04
กรุงเทพมหานคร,41.1068169234358,2024-01-05
กรุงเทพมหานคร,46.14527747680342,2024-01-06
กรุงเทพมหานคร,48.53197608182281,2024-01-07
กรุงเทพมหานคร,53.976289752046924,2024-01-08
กรุงเทพมหานคร,78.82490672641958,2024-01-09
กรุงเทพมหานคร,54.625686287959674,2024-01-10
กรุงเทพมหานคร,40.099652183238945,2024-01-11
กรุงเทพมหานคร,30.155301450667285,2024-01-12
กรุงเทพมหานคร,33.06181350198231,2024-01-13
กรุงเทพมหานคร,43.40440198591928,2024-01-14
กรุงเทพมหานคร,41.16604415484846,2024-01-15
กรุงเทพมหานคร,44.64840520414225,2024-01-16
กรุงเทพมหานคร,52.963916303851164,2024-01-17
กรุงเทพมหานคร,63.680906469069676,2024-01-18
กรุงเทพมหานคร,75.08260854314693,2024-01-19
กรุงเทพมหานคร,58.70171062065757,2024-01-20
กรุงเทพมหานคร,40.5218813894293,2024-01-21
กรุงเทพมหานคร,48.30993103829787,2024-01-22
กรุงเทพมหานคร,62.88344491113284,2024-01-23
กรุงเทพมหานคร,40.8661177294363,2024-01-24
กรุงเทพมหานคร,32.72431637657771,2024-01-25
กรุงเทพมหานคร,42.06615014249263,2024-01-26
กรุงเทพมหานคร,55.463386691942674,2024-01-27
กรุงเทพมหานคร,64.64934677482252,2024-01-28
กรุงเทพมหานคร,50.982737000165315,2024-01-29
กรุงเทพมหานคร,81.74990279987641,2024-01-30
กรุงเทพมหานคร,89.18893247679254,2024-01-31
นครศรีธรรมราช,23.667313170864652,2024-01-01
นครศรีธรรมราช,22.292404913195234,2024-01-02
นครศรีธรรมราช,16.955289144574447,2024-01-03
นครศรีธรรมราช,17.83962814537255,2024-01-04
นครศรีธรรมราช,21.3424878997548,2024-01-05
นครศรีธรรมราช,26.818219020320633,2024-01-06
นครศรีธรรมราช,21.34993537495506,2024-01-07
นครศรีธรรมราช,19.816509286628897,2024-01-08
นครศรีธรรมราช,19.740423650567706,2024-01-09
นครศรีธรรมราช,22.855699393387773,2024-01-10
นครศรีธรรมราช,19.284509128160618,2024-01-11
นครศรีธรรมราช,20.268001598350963,2024-01-12
นครศรีธรรมราช,19.9346162889947,2024-01-13
นครศรีธรรมราช,21.759156804867125,2024-01-14
นครศรีธรรมราช,24.33443624800934,2024-01-15
นครศรีธรรมราช,21.958347144387684,2024-01-16
นครศรีธรรมราช,19.196510873170865,2024-01-17
นครศรีธรรมราช,21.542282877661947,2024-01-18
นครศรีธรรมราช,27.128725525105295,2024-01-19
นครศรีธรรมราช,26.5230730130546,2024-01-20
นครศรีธรรมราช,27.276931523983666,2024-01-21
นครศรีธรรมราช,19.92205460684001,2024-01-22
นครศรีธรรมราช,13.403571230819297,2024-01-23
นครศรีธรรมราช,16.368993349476924,2024-01-24
นครศรีธรรมราช,12.394859443524656,2024-01-25
นครศรีธรรมราช,16.351926959445876,2024-01-26
นครศรีธรรมราช,21.27043785196631,2024-01-27
นครศรีธรรมราช,19.78684526857717,2024-01-28
นครศรีธรรมราช,22.206153912059094,2024-01-29
นครศรีธรรมราช,22.825691206331484,2024-01-30
นครศรีธรรมราช,24.57521349750433,2024-01-31
ประจวบคีรีขันธ์,33.093414732384055,2024-01-01
ประจวบคีรีขันธ์,33.31514916975587,2024-01-02
ประจวบคีรีขันธ์,33.96366495266352,2024-01-03
ประจวบคีรีขันธ์,37.29665035608959,2024-01-04
ประจวบคีรีขันธ์,38.551410966335155,2024-01-05
ประจวบคีรีขันธ์,41.28375013717483,2024-01-06
ประจวบคีรีขันธ์,45.578817111935074,2024-01-07
ประจวบคีรีขันธ์,47.55615595343715,2024-01-08
ประจวบคีรีขันธ์,57.180517385469386,2024-01-09
ประจวบคีรีขันธ์,44.79163934517607,2024-01-10
ประจวบคีรีขันธ์,38.34138839637284,2024-01-11
ประจวบคีรีขันธ์,31.67099302519578,2024-01-12
ประจวบคีรีขันธ์,29.404362182908542,2024-01-13
ประจวบคีรีขันธ์,38.446559320862804,2024-01-14
ประจวบคีรีขันธ์,44.73539523497436,2024-01-15
ประจวบคีรีขันธ์,41.3321734301065,2024-01-16
ประจวบคีรีขันธ์,49.75511633165923,2024-01-17
ประจวบคีรีขันธ์,55.35661068396103,2024-01-18
ประจวบคีรีขันธ์,59.12974556958244,2024-01-19
ประจวบคีรีขันธ์,52.750959710071385,2024-01-20
ประจวบคีรีขันธ์,37.83705956097944,2024-01-21
ประจวบคีรีขันธ์,39.493444989438125,2024-01-22
ประจวบคีรีขันธ์,51.329765861957675,2024-01-23
ประจวบคีรีขันธ์,40.66468609127996,2024-01-24
ประจวบคีรีขันธ์,34.85999740162648,2024-01-25
ประจวบคีรีขันธ์,39.443670581347945,2024-01-26
ประจวบคีรีขันธ์,54.00174487266453,2024-01-27
ประจวบคีรีขันธ์,63.0270663496534,2024-01-28
ประจวบคีรีขันธ์,52.15887566446386,2024-01-29
ประจวบคีรีขันธ์,54.68865228367783,2024-01-30
ประจวบคีรีขันธ์,50.73817935381738,2024-01-31
พระนครศรีอยุธยา,36.493507407727584,2024-01-01
พระนครศรีอยุธยา,41.87381215619613,2024-01-02
พระนครศรีอยุธยา,40.87985969948159,2024-01-03
พระนครศรีอยุธยา,41.83494326263211,2024-01-04
พระนครศรีอยุธยา,46.3986441151381,2024-01-05
พระนครศรีอยุธยา,50.871066567312766,2024-01-06
พระนครศรีอยุธยา,53.63151056354082,2024-01-07
พระนครศรีอยุธยา,59.56585441411895,2024-01-08
พระนครศรีอยุธยา,75.41470676794037,2024-01-09
พระนครศรีอยุธยา,69.81403791479109,2024-01-10
พระนครศรีอยุธยา,58.3459151533443,2024-01-11
พระนครศรีอยุธยา,53.90677062192336,2024-01-12
พระนครศรีอยุธยา,45.52211565721849,2024-01-13
พระนครศรีอยุธยา,51.93782033317077,2024-01-14
พระนครศรีอยุธยา,38.70582479940973,2024-01-15
พระนครศรีอยุธยา,42.014125996491536,2024-01-16
พระนครศรีอยุธยา,53.49044594213629,2024-01-17
พระนครศรีอยุธยา,65.47455243826347,2024-01-18
พระนครศรีอยุธยา,77.42960256372733,2024-01-19
พระนครศรีอยุธยา,68.89232339200625,2024-01-20
พระนครศรีอยุธยา,57.90167198138049,2024-01-21
พระนครศรีอยุธยา,57.185223099030495,2024-01-22
พระนครศรีอยุธยา,71.20048960637658,2024-01-23
พระนครศรีอยุธยา,32.25416048591584,2024-01-24
พระนครศรีอยุธยา,29.211014548445995,2024-01-25
พระนครศรีอยุธยา,38.61526227481719,2024-01-26
พระนครศรีอยุธยา,52.05619486417578,2024-01-27
พระนครศรีอยุธยา,66.29580298657625,2024-01-28
พระนครศรีอยุธยา,52.955394941528006,2024-01-29
พระนครศรีอยุธยา,75.35006311352902,2024-01-30
พระนครศรีอยุธยา,64.38397221724027,2024-01-31
